query_mass,compound_id,compound_name,kegg_id,formula,monoisotopic_mass,adduct,adduct_type,adduct_m/z,delta(ppm)
91.05458888,HMDB0001858,p-Cresol,C01468,C7H8O,108.057514878,M+H-H2O,+,91.054815,2
91.05458888,HMDB0033895,Anisole,C01403,C7H8O,108.057514878,M+H-H2O,+,91.054815,2
91.05458888,HMDB0003119,Benzyl alcohol,C03485,C7H8O,108.057514878,M+H-H2O,+,91.054815,2
91.05458888,HMDB0002055,o-Cresol,C01542,C7H8O,108.057514878,M+H-H2O,+,91.054815,2
91.05458888,HMDB0002048,m-Cresol,C01467,C7H8O,108.057514878,M+H-H2O,+,91.054815,2
115.0753056,HMDB0163354,(4Z)-2-hydroxyhex-4-enal,n/a,C6H10O2,114.068079562,M+H,+,115.075356,0
115.0753056,HMDB0163353,3-(3-methyloxiran-2-yl)propanal,n/a,C6H10O2,114.068079562,M+H,+,115.075356,0
115.0753056,HMDB0163351,(4Z)-6-hydroxyhex-4-enal,n/a,C6H10O2,114.068079562,M+H,+,115.075356,0
115.0753056,HMDB0163350,(Z)-hex-4-enoic acid,n/a,C6H10O2,114.068079562,M+H,+,115.075356,0
115.0753056,HMDB0163352,(4Z)-3-hydroxyhex-4-enal,n/a,C6H10O2,114.068079562,M+H,+,115.075356,0
115.0753056,HMDB0163702,"Pentanal, 3-methyl-4-oxo-",n/a,C6H10O2,114.068079562,M+H,+,115.075356,0
115.0753056,HMDB0179351,4-Hexenoic acid,n/a,C6H10O2,114.068079562,M+H,+,115.075356,0
115.0753056,HMDB0179346,(2Z)-3-(3-methyloxiran-2-yl)prop-2-en-1-ol,n/a,C6H10O2,114.068079562,M+H,+,115.075356,0
115.0753056,HMDB0179345,{3-[(1E)-prop-1-en-1-yl]oxiran-2-yl}methanol,n/a,C6H10O2,114.068079562,M+H,+,115.075356,0
115.0753056,HMDB0179344,"cis-2,4-hexadien-1,6-diol",n/a,C6H10O2,114.068079562,M+H,+,115.075356,0
115.0753056,HMDB0179343,(4E)-2-hydroxyhex-4-enal,n/a,C6H10O2,114.068079562,M+H,+,115.075356,0
115.0753056,HMDB0179342,(4E)-3-hydroxyhex-4-enal,n/a,C6H10O2,114.068079562,M+H,+,115.075356,0
115.0753056,HMDB0179341,(4E)-6-hydroxyhex-4-enal,n/a,C6H10O2,114.068079562,M+H,+,115.075356,0
115.0753056,HMDB0169695,(Z)-3-methyl-2-pentenoic acid,n/a,C6H10O2,114.068079562,M+H,+,115.075356,0
115.0753056,HMDB0169664,(E)-3-Methyl-2-pentenoic acid,n/a,C6H10O2,114.068079562,M+H,+,115.075356,0
115.0753056,HMDB0165583,2-Methyl-3-ethyloxirane-2-carbaldehyde,n/a,C6H10O2,114.068079562,M+H,+,115.075356,0
115.0753056,HMDB0165582,(2Z)-4-hydroxy-2-methylpent-2-enal,n/a,C6H10O2,114.068079562,M+H,+,115.075356,0
115.0753056,HMDB0165581,(2Z)-2-(hydroxymethyl)pent-2-enal,n/a,C6H10O2,114.068079562,M+H,+,115.075356,0
115.0753056,HMDB0165584,(2Z)-5-hydroxy-2-methylpent-2-enal,n/a,C6H10O2,114.068079562,M+H,+,115.075356,0
115.0753056,HMDB0163703,(3Z)-5-hydroxy-3-methylpent-3-en-2-one,n/a,C6H10O2,114.068079562,M+H,+,115.075356,0
115.0753056,HMDB0000453,delta-Hexanolactone,n/a,C6H10O2,114.068079564,M+H,+,115.075356,0
115.0753056,HMDB0060476,epsilon-Caprolactone,C01880,C6H10O2,114.068079564,M+H,+,115.075356,0
115.0753056,HMDB0032490,Prenyl formate,n/a,C6H10O2,114.068079564,M+H,+,115.075356,0
115.0753056,HMDB0039581,Ethyl crotonate,n/a,C6H10O2,114.068079564,M+H,+,115.075356,0
115.0753056,HMDB0031158,2-Methyl-4-pentenoic acid,n/a,C6H10O2,114.068079564,M+H,+,115.075356,0
115.0753056,HMDB0031562,2-Methyl-3-pentenoic acid,n/a,C6H10O2,114.068079564,M+H,+,115.075356,0
115.0753056,HMDB0031559,"4-Methyl-2,3-pentanedione",n/a,C6H10O2,114.068079564,M+H,+,115.075356,0
115.0753056,HMDB0031491,"2,3-Hexanedione",n/a,C6H10O2,114.068079564,M+H,+,115.075356,0
115.0753056,HMDB0031560,2-Methyl-2-pentenoic acid,n/a,C6H10O2,114.068079564,M+H,+,115.075356,0
115.0753056,HMDB0031501,3-Hexenoic acid,n/a,C6H10O2,114.068079564,M+H,+,115.075356,0
115.0753056,HMDB0029487,Allyl propionate,n/a,C6H10O2,114.068079564,M+H,+,115.075356,0
115.0753056,HMDB0033568,5-Oxohexanal,n/a,C6H10O2,114.068079564,M+H,+,115.075356,0
115.0753056,HMDB0040328,Methyl 4-pentenoate,n/a,C6H10O2,114.068079564,M+H,+,115.075356,0
115.0753056,HMDB0031492,"3,4-Hexanedione",n/a,C6H10O2,114.068079564,M+H,+,115.075356,0
115.0753056,HMDB0031561,4-Methyl-2-pentenoic acid,n/a,C6H10O2,114.068079564,M+H,+,115.075356,0
115.0753056,HMDB0010719,Isohydrosorbic acid,n/a,C6H10O2,114.068079564,M+H,+,115.075356,0
115.0753056,HMDB0003843,Gamma-Caprolactone,n/a,C6H10O2,114.068079564,M+H,+,115.075356,0
115.0753056,HMDB0240384,4-Hydroxyhexanal,n/a,C6H10O2,114.068079564,M+H,+,115.075356,0
115.0753056,HMDB0061929,"Dihydro-4,4-dimethyl-2(3H)-furanone",n/a,C6H10O2,114.068079564,M+H,+,115.075356,0
115.0753056,HMDB0061965,"1-methyl-2,3-dioxabicyclo[2.2.1]heptane",n/a,C6H10O2,114.068079562,M+H,+,115.075356,0
115.0753056,HMDB0062135,methyl (2E)-2-methylbut-2-enoate,n/a,C6H10O2,114.068079562,M+H,+,115.075356,0
115.0753056,HMDB0161115,4-hydroxy-4-methylpentanoic acid,n/a,C6H12O3,132.078644246,M+H-H2O,+,115.075944,6
115.0753056,HMDB0161116,5-hydroxy-4-methylpentanoic acid,n/a,C6H12O3,132.078644246,M+H-H2O,+,115.075944,6
115.0753056,HMDB0163679,"5,6-dihydroxyhexan-2-one",n/a,C6H12O3,132.078644246,M+H-H2O,+,115.075944,6
115.0753056,HMDB0061652,(S)-3-hydroxyhexanoic acid,n/a,C6H12O3,132.078644246,M+H-H2O,+,115.075944,6
115.0753056,HMDB0171222,4-hydroxy-3-methylbutyl formate,n/a,C6H12O3,132.078644246,M+H-H2O,+,115.075944,6
115.0753056,HMDB0165042,3-hydroxymethyl-valeric acid,n/a,C6H12O3,132.078644246,M+H-H2O,+,115.075944,6
115.0753056,HMDB0165043,5-hydroxy-3-methylpentanoic acid,n/a,C6H12O3,132.078644246,M+H-H2O,+,115.075944,6
115.0753056,HMDB0165041,4-hydroxy-3-methyl-valeric acid,n/a,C6H12O3,132.078644246,M+H-H2O,+,115.075944,6
115.0753056,HMDB0163682,"1,6-dihydroxy-2-hexanone",n/a,C6H12O3,132.078644246,M+H-H2O,+,115.075944,6
115.0753056,HMDB0163680,SCHEMBL20530464,n/a,C6H12O3,132.078644246,M+H-H2O,+,115.075944,6
115.0753056,HMDB0163681,"3,6-dihydroxyhexan-2-one",n/a,C6H12O3,132.078644246,M+H-H2O,+,115.075944,6
115.0753056,HMDB0000317,2-Hydroxy-3-methylpentanoic acid,n/a,C6H12O3,132.07864425,M+H-H2O,+,115.075944,6
115.0753056,HMDB0000409,(5R)-5-Hydroxyhexanoic acid,n/a,C6H12O3,132.07864425,M+H-H2O,+,115.075944,6
115.0753056,HMDB0032158,(+/-)-1-Acetoxy-1-ethoxyethane,n/a,C6H12O3,132.07864425,M+H-H2O,+,115.075944,6
115.0753056,HMDB0000624,D-Leucic acid,C03264,C6H12O3,132.07864425,M+H-H2O,+,115.075944,6
115.0753056,HMDB0000665,Leucinic acid,n/a,C6H12O3,132.07864425,M+H-H2O,+,115.075944,6
115.0753056,HMDB0000746,Hydroxyisocaproic acid,n/a,C6H12O3,132.07864425,M+H-H2O,+,115.075944,6
115.0753056,HMDB0000525,5-Hydroxyhexanoic acid,n/a,C6H12O3,132.07864425,M+H-H2O,+,115.075944,6
115.0753056,HMDB0001624,2-Hydroxycaproic acid,n/a,C6H12O3,132.07864425,M+H-H2O,+,115.075944,6
115.0753056,HMDB0001975,2-Ethyl-2-Hydroxybutyric acid,n/a,C6H12O3,132.07864425,M+H-H2O,+,115.075944,6
115.0753056,HMDB0010718,(R)-3-Hydroxyhexanoic acid,n/a,C6H12O3,132.07864425,M+H-H2O,+,115.075944,6
115.0753056,HMDB0012843,6-Hydroxyhexanoic acid,C06103,C6H12O3,132.07864425,M+H-H2O,+,115.075944,6
115.0753056,HMDB0033851,"4,4-Dimethoxy-2-butanone",n/a,C6H12O3,132.07864425,M+H-H2O,+,115.075944,6
115.0753056,HMDB0032456,Paraldehyde,C07834,C6H12O3,132.07864425,M+H-H2O,+,115.075944,6
115.0753056,HMDB0040409,Ethyl (±)-3-hydroxybutyrate,n/a,C6H12O3,132.07864425,M+H-H2O,+,115.075944,6
115.0753056,HMDB0165040,3-hydroxy-3-methylpentanoic acid,n/a,C6H12O3,132.07864425,M+H-H2O,+,115.075944,6
115.0753056,HMDB0059770,Threo-3-Hydroxy-2-methylbutyric acid,n/a,C6H12O3,132.07864425,M+H-H2O,+,115.075944,6
115.0753056,HMDB0041844,Butoxyacetic acid,n/a,C6H12O3,132.07864425,M+H-H2O,+,115.075944,6
115.0753056,HMDB0029166,2-Methyl-3-hydroxyvaleric acid,n/a,C6H12O3,132.07864425,M+H-H2O,+,115.075944,6
137.0595476,HMDB0124942,"4-ethenylbenzene-1,2-diol",C06224,C8H8O2,136.052429498,M+H,+,137.059705,1
137.0595476,HMDB0167829,1-(3-hydroxyphenyl)ethan-1-one,n/a,C8H8O2,136.052429498,M+H,+,137.059705,1
137.0595476,HMDB0062810,m-toluic acid,C07211,C8H8O2,136.052429498,M+H,+,137.059705,1
137.0595476,HMDB0125535,"5-ethenylbenzene-1,3-diol",n/a,C8H8O2,136.052429498,M+H,+,137.059705,1
137.0595476,HMDB0183895,phenylacetate,n/a,C8H7O2,135.045153045,M+H,+,137.059705,1
137.0595476,HMDB0126385,"4-ethenylbenzene-1,3-diol",n/a,C8H8O2,136.052429498,M+H,+,137.059705,1
137.0595476,HMDB0031459,3-Methoxybenzaldehyde,n/a,C8H8O2,136.0524295,M+H,+,137.059706,1
137.0595476,HMDB0002340,2-Methylbenzoic acid,C07215,C8H8O2,136.0524295,M+H,+,137.059706,1
137.0595476,HMDB0041485,Benzyl formate,C05613,C8H8O2,136.0524295,M+H,+,137.059706,1
137.0595476,HMDB0033968,Methyl benzoate,n/a,C8H8O2,136.0524295,M+H,+,137.059706,1
137.0595476,HMDB0032400,3-(5-Methyl-2-furyl)prop-2-enal,n/a,C8H8O2,136.0524295,M+H,+,137.059706,1
137.0595476,HMDB0032603,2-Hydroxy-4-methylbenzaldehyde,n/a,C8H8O2,136.0524295,M+H,+,137.059706,1
137.0595476,HMDB0029686,4-Methoxybenzaldehyde,C10761,C8H8O2,136.0524295,M+H,+,137.059706,1
137.0595476,HMDB0040733,Phenyl acetate,C15583,C8H8O2,136.0524295,M+H,+,137.059706,1
137.0595476,HMDB0032568,2'-Hydroxyacetophenone,n/a,C8H8O2,136.0524295,M+H,+,137.059706,1
137.0595476,HMDB0167830,4'-Hydroxyacetophenone,C10700,C8H8O2,136.0524295,M+H,+,137.059706,1
137.0595476,HMDB0038176,alpha-Methyl-2-furanacrolein,n/a,C8H8O2,136.0524295,M+H,+,137.059706,1
137.0595476,HMDB0040638,3-(3-Furanyl)-2-methyl-2-propenal,n/a,C8H8O2,136.0524295,M+H,+,137.059706,1
137.0595476,HMDB0029635,4-Methylbenzoic acid,C01454,C8H8O2,136.0524295,M+H,+,137.059706,1
137.0595476,HMDB0033128,4-(2-Furanyl)-3-buten-2-one,n/a,C8H8O2,136.0524295,M+H,+,137.059706,1
137.0595476,HMDB0003767,4-Hydroxyphenylacetaldehyde,C03765,C8H8O2,136.0524295,M+H,+,137.059706,1
137.0595476,HMDB0033766,2-Methoxybenzaldehyde,n/a,C8H8O2,136.0524295,M+H,+,137.059706,1
137.0595476,HMDB0000209,Phenylacetic acid,C07086,C8H8O2,136.0524295,M+H,+,137.059706,1
137.0595476,HMDB0126617,"2,4-dimethylbenzene-1,3,5-triol",n/a,C8H10O3,154.062994182,M+H-H2O,+,137.060294,5
137.0595476,HMDB0169080,2-Hydroxy-3-methoxybenzyl alcohol,n/a,C8H10O3,154.062994182,M+H-H2O,+,137.060294,5
137.0595476,HMDB0059966,"3,5-Dimethoxyphenol",n/a,C8H10O3,154.062994186,M+H-H2O,+,137.060294,5
137.0595476,HMDB0131479,"2,3-dimethoxyphenol",n/a,C8H10O3,154.062994182,M+H-H2O,+,137.060294,5
137.0595476,HMDB0135785,"1-(4-hydroxyphenyl)ethane-1,2-diol",n/a,C8H10O3,154.062994182,M+H-H2O,+,137.060294,5
137.0595476,HMDB0146894,4-Ethylpyrogallol,n/a,C8H10O3,154.062994182,M+H-H2O,+,137.060294,5
137.0595476,HMDB0146874,SCHEMBL6040093,n/a,C8H10O3,154.062994182,M+H-H2O,+,137.060294,5
137.0595476,HMDB0131231,"5-methoxy-4-methylbenzene-1,3-diol",n/a,C8H10O3,154.062994182,M+H-H2O,+,137.060294,5
137.0595476,HMDB0131232,"5-methoxy-2-methylbenzene-1,3-diol",n/a,C8H10O3,154.062994182,M+H-H2O,+,137.060294,5
137.0595476,HMDB0125534,"5-ethylbenzene-1,2,3-triol",n/a,C8H10O3,154.062994182,M+H-H2O,+,137.060294,5
137.0595476,HMDB0037724,Propyl 2-furoate,n/a,C8H10O3,154.062994186,M+H-H2O,+,137.060294,5
137.0595476,HMDB0005784,Hydroxytyrosol,n/a,C8H10O3,154.062994186,M+H-H2O,+,137.060294,5
137.0595476,HMDB0030570,Sylvopinol,n/a,C8H10O3,154.062994186,M+H-H2O,+,137.060294,5
137.0595476,HMDB0032012,4-Hydroxy-3-methoxybenzenemethanol,C06317,C8H10O3,154.062994186,M+H-H2O,+,137.060294,5
137.0595476,HMDB0037728,2-Furanylmethyl propanoate,n/a,C8H10O3,154.062994186,M+H-H2O,+,137.060294,5
137.0595476,HMDB0034158,"2,6-Dimethoxyphenol",C10787,C8H10O3,154.062994186,M+H-H2O,+,137.060294,5
137.0595476,HMDB0163703,(3Z)-5-hydroxy-3-methylpent-3-en-2-one,n/a,C6H10O2,114.068079562,M+Na,+,137.057298,16
137.0595476,HMDB0165581,(2Z)-2-(hydroxymethyl)pent-2-enal,n/a,C6H10O2,114.068079562,M+Na,+,137.057298,16
137.0595476,HMDB0165584,(2Z)-5-hydroxy-2-methylpent-2-enal,n/a,C6H10O2,114.068079562,M+Na,+,137.057298,16
137.0595476,HMDB0165583,2-Methyl-3-ethyloxirane-2-carbaldehyde,n/a,C6H10O2,114.068079562,M+Na,+,137.057298,16
137.0595476,HMDB0165582,(2Z)-4-hydroxy-2-methylpent-2-enal,n/a,C6H10O2,114.068079562,M+Na,+,137.057298,16
137.0595476,HMDB0031501,3-Hexenoic acid,n/a,C6H10O2,114.068079564,M+Na,+,137.057298,16
137.0595476,HMDB0163702,"Pentanal, 3-methyl-4-oxo-",n/a,C6H10O2,114.068079562,M+Na,+,137.057298,16
137.0595476,HMDB0163353,3-(3-methyloxiran-2-yl)propanal,n/a,C6H10O2,114.068079562,M+Na,+,137.057298,16
137.0595476,HMDB0163352,(4Z)-3-hydroxyhex-4-enal,n/a,C6H10O2,114.068079562,M+Na,+,137.057298,16
137.0595476,HMDB0031559,"4-Methyl-2,3-pentanedione",n/a,C6H10O2,114.068079564,M+Na,+,137.057298,16
137.0595476,HMDB0031491,"2,3-Hexanedione",n/a,C6H10O2,114.068079564,M+Na,+,137.057298,16
137.0595476,HMDB0031560,2-Methyl-2-pentenoic acid,n/a,C6H10O2,114.068079564,M+Na,+,137.057298,16
137.0595476,HMDB0163350,(Z)-hex-4-enoic acid,n/a,C6H10O2,114.068079562,M+Na,+,137.057298,16
137.0595476,HMDB0163351,(4Z)-6-hydroxyhex-4-enal,n/a,C6H10O2,114.068079562,M+Na,+,137.057298,16
137.0595476,HMDB0163354,(4Z)-2-hydroxyhex-4-enal,n/a,C6H10O2,114.068079562,M+Na,+,137.057298,16
137.0595476,HMDB0169664,(E)-3-Methyl-2-pentenoic acid,n/a,C6H10O2,114.068079562,M+Na,+,137.057298,16
137.0595476,HMDB0169695,(Z)-3-methyl-2-pentenoic acid,n/a,C6H10O2,114.068079562,M+Na,+,137.057298,16
137.0595476,HMDB0033568,5-Oxohexanal,n/a,C6H10O2,114.068079564,M+Na,+,137.057298,16
137.0595476,HMDB0040328,Methyl 4-pentenoate,n/a,C6H10O2,114.068079564,M+Na,+,137.057298,16
137.0595476,HMDB0031492,"3,4-Hexanedione",n/a,C6H10O2,114.068079564,M+Na,+,137.057298,16
137.0595476,HMDB0031561,4-Methyl-2-pentenoic acid,n/a,C6H10O2,114.068079564,M+Na,+,137.057298,16
137.0595476,HMDB0010719,Isohydrosorbic acid,n/a,C6H10O2,114.068079564,M+Na,+,137.057298,16
137.0595476,HMDB0003843,Gamma-Caprolactone,n/a,C6H10O2,114.068079564,M+Na,+,137.057298,16
137.0595476,HMDB0000453,delta-Hexanolactone,n/a,C6H10O2,114.068079564,M+Na,+,137.057298,16
137.0595476,HMDB0029487,Allyl propionate,n/a,C6H10O2,114.068079564,M+Na,+,137.057298,16
137.0595476,HMDB0179342,(4E)-3-hydroxyhex-4-enal,n/a,C6H10O2,114.068079562,M+Na,+,137.057298,16
137.0595476,HMDB0179343,(4E)-2-hydroxyhex-4-enal,n/a,C6H10O2,114.068079562,M+Na,+,137.057298,16
137.0595476,HMDB0179341,(4E)-6-hydroxyhex-4-enal,n/a,C6H10O2,114.068079562,M+Na,+,137.057298,16
137.0595476,HMDB0179344,"cis-2,4-hexadien-1,6-diol",n/a,C6H10O2,114.068079562,M+Na,+,137.057298,16
137.0595476,HMDB0179345,{3-[(1E)-prop-1-en-1-yl]oxiran-2-yl}methanol,n/a,C6H10O2,114.068079562,M+Na,+,137.057298,16
137.0595476,HMDB0179346,(2Z)-3-(3-methyloxiran-2-yl)prop-2-en-1-ol,n/a,C6H10O2,114.068079562,M+Na,+,137.057298,16
137.0595476,HMDB0179351,4-Hexenoic acid,n/a,C6H10O2,114.068079562,M+Na,+,137.057298,16
137.0595476,HMDB0031562,2-Methyl-3-pentenoic acid,n/a,C6H10O2,114.068079564,M+Na,+,137.057298,16
137.0595476,HMDB0031158,2-Methyl-4-pentenoic acid,n/a,C6H10O2,114.068079564,M+Na,+,137.057298,16
137.0595476,HMDB0039581,Ethyl crotonate,n/a,C6H10O2,114.068079564,M+Na,+,137.057298,16
137.0595476,HMDB0032490,Prenyl formate,n/a,C6H10O2,114.068079564,M+Na,+,137.057298,16
137.0595476,HMDB0060476,epsilon-Caprolactone,C01880,C6H10O2,114.068079564,M+Na,+,137.057298,16
137.0595476,HMDB0240384,4-Hydroxyhexanal,n/a,C6H10O2,114.068079564,M+Na,+,137.057298,16
137.0595476,HMDB0061929,"Dihydro-4,4-dimethyl-2(3H)-furanone",n/a,C6H10O2,114.068079564,M+Na,+,137.057298,16
137.0595476,HMDB0061965,"1-methyl-2,3-dioxabicyclo[2.2.1]heptane",n/a,C6H10O2,114.068079562,M+Na,+,137.057298,16
137.0595476,HMDB0062135,methyl (2E)-2-methylbut-2-enoate,n/a,C6H10O2,114.068079562,M+Na,+,137.057298,16
169.1197253,HMDB0172312,19686-96-5,n/a,C8H18O2,146.13067982,M+Na,+,169.119898,1
169.1197253,HMDB0170961,"octane-1,8-diol",C14218,C8H18O2,146.13067982,M+Na,+,169.119898,1
169.1197253,HMDB0170960,"1,7-Octanediol",n/a,C8H18O2,146.13067982,M+Na,+,169.119898,1
169.1197253,HMDB0038679,1-Methoxy-1-pentyloxyethane,n/a,C8H18O2,146.13067982,M+Na,+,169.119898,1
169.1197253,HMDB0172313,"octane-1,2-diol",C14273,C8H18O2,146.13067982,M+Na,+,169.119898,1
169.1197253,HMDB0029359,"(R)-1,3-Octanediol",n/a,C8H18O2,146.13067982,M+Na,+,169.119898,1
169.1197253,HMDB0037635,xi-1-Ethoxy-1-butoxyethane,n/a,C8H18O2,146.13067982,M+Na,+,169.119898,1
169.1197253,HMDB0163103,"(4Z,7Z)-10-hydroxydeca-4,7-dienal",n/a,C10H16O2,168.115029755,M+H,+,169.122306,15
169.1197253,HMDB0136694,"6-hydroxy-3,7-dimethylocta-2,7-dienal",n/a,C10H16O2,168.115029755,M+H,+,169.122306,15
169.1197253,HMDB0163105,"(2E,7Z)-deca-2,4,7-triene-1,9-diol",n/a,C10H16O2,168.115029755,M+H,+,169.122306,15
169.1197253,HMDB0163106,"(4Z,7Z)-deca-2,4,7-triene-1,10-diol",n/a,C10H16O2,168.115029755,M+H,+,169.122306,15
169.1197253,HMDB0163104,"(4Z,7Z)-2-hydroxydeca-4,7-dienal",n/a,C10H16O2,168.115029755,M+H,+,169.122306,15
169.1197253,HMDB0163100,"(7Z)-9-hydroxydeca-4,7-dienal",n/a,C10H16O2,168.115029755,M+H,+,169.122306,15
169.1197253,HMDB0163101,3-{3-[(2Z)-pent-2-en-1-yl]oxiran-2-yl}propanal,n/a,C10H16O2,168.115029755,M+H,+,169.122306,15
169.1197253,HMDB0163099,"(4Z,7Z)-3-hydroxydeca-4,7-dienal",n/a,C10H16O2,168.115029755,M+H,+,169.122306,15
169.1197253,HMDB0163102,(4Z)-6-(3-ethyloxiran-2-yl)hex-4-enal,n/a,C10H16O2,168.115029755,M+H,+,169.122306,15
169.1197253,HMDB0182795,ACMC-20mnp1,n/a,C10H16O2,168.115029755,M+H,+,169.122306,15
169.1197253,HMDB0169534,geranic acid,C16461,C10H16O2,168.115029755,M+H,+,169.122306,15
169.1197253,HMDB0176281,6-hydroxycamphor,n/a,C10H16O2,168.115029755,M+H,+,169.122306,15
169.1197253,HMDB0240639,"(1S,4R,6R)-1,3,3-Trimethyl-6-hydroxybicyclo[2.2.1]heptane-2-one",n/a,C10H16O2,168.115029755,M+H,+,169.122306,15
169.1197253,HMDB0182798,"(1S,4R,6S)-1,3,3-Trimethyl-6-hydroxybicyclo[2.2.1]heptane-2-one",n/a,C10H16O2,168.115029755,M+H,+,169.122306,15
169.1197253,HMDB0182799,"5-hydroxy-1,3,3-trimethylbicyclo[2.2.1]heptan-2-one",n/a,C10H16O2,168.115029755,M+H,+,169.122306,15
169.1197253,HMDB0182797,"7-hydroxy-1,3,3-trimethylbicyclo[2.2.1]heptan-2-one",n/a,C10H16O2,168.115029755,M+H,+,169.122306,15
169.1197253,HMDB0182796,"3-(hydroxymethyl)-1,3-dimethylbicyclo[2.2.1]heptan-2-one",n/a,C10H16O2,168.115029755,M+H,+,169.122306,15
169.1197253,HMDB0182685,6-Hydroxycarvotanacetone,n/a,C10H16O2,168.115029755,M+H,+,169.122306,15
169.1197253,HMDB0182684,SCHEMBL6689811,n/a,C10H16O2,168.115029755,M+H,+,169.122306,15
169.1197253,HMDB0181635,5-(2-hydroxypropan-2-yl)-2-methylbicyclo[3.1.0]hex-3-en-2-ol,n/a,C10H16O2,168.115029755,M+H,+,169.122306,15
169.1197253,HMDB0181634,2-(hydroxymethyl)-5-(propan-2-yl)bicyclo[3.1.0]hex-3-en-2-ol,n/a,C10H16O2,168.115029755,M+H,+,169.122306,15
169.1197253,HMDB0181636,"5-methyl-1-(propan-2-yl)-3-oxatricyclo[4.1.0.0²,⁴]heptan-5-ol",n/a,C10H16O2,168.115029755,M+H,+,169.122306,15
169.1197253,HMDB0181637,"2-methyl-5-(propan-2-yl)bicyclo[3.1.0]hex-3-ene-1,2-diol",n/a,C10H16O2,168.115029755,M+H,+,169.122306,15
169.1197253,HMDB0179485,140460-64-6,n/a,C10H16O2,168.115029755,M+H,+,169.122306,15
169.1197253,HMDB0179394,"2E,4Z-decadienoic acid",n/a,C10H16O2,168.115029755,M+H,+,169.122306,15
169.1197253,HMDB0178761,SCHEMBL7756279,n/a,C10H16O2,168.115029755,M+H,+,169.122306,15
169.1197253,HMDB0163117,"(z,z)-4,7-decadienoic acid",n/a,C10H16O2,168.115029755,M+H,+,169.122306,15
169.1197253,HMDB0163109,(2E)-3-{3-[(2Z)-pent-2-en-1-yl]oxiran-2-yl}prop-2-en-1-ol,n/a,C10H16O2,168.115029755,M+H,+,169.122306,15
169.1197253,HMDB0163110,"(2E,4Z)-6-(3-ethyloxiran-2-yl)hexa-2,4-dien-1-ol",n/a,C10H16O2,168.115029755,M+H,+,169.122306,15
169.1197253,HMDB0181638,"2-methyl-5-(propan-2-yl)bicyclo[3.1.0]hex-3-ene-2,6-diol",n/a,C10H16O2,168.115029755,M+H,+,169.122306,15
169.1197253,HMDB0181639,5-(1-hydroxypropan-2-yl)-2-methylbicyclo[3.1.0]hex-3-en-2-ol,n/a,C10H16O2,168.115029755,M+H,+,169.122306,15
169.1197253,HMDB0181690,"[3-(hydroxymethyl)-2-methyltricyclo[2.2.1.0²,⁶]heptan-3-yl]methanol",n/a,C10H16O2,168.115029755,M+H,+,169.122306,15
169.1197253,HMDB0182680,2-(hydroxymethyl)-5-(propan-2-yl)cyclohex-2-en-1-one,n/a,C10H16O2,168.115029755,M+H,+,169.122306,15
169.1197253,HMDB0182683,1-methyl-4-(propan-2-yl)-7-oxabicyclo[4.1.0]heptan-2-one,n/a,C10H16O2,168.115029755,M+H,+,169.122306,15
169.1197253,HMDB0182620,"2-[3-(hydroxymethyl)-2,2-dimethylcyclopent-3-en-1-yl]acetaldehyde",n/a,C10H16O2,168.115029755,M+H,+,169.122306,15
169.1197253,HMDB0182621,SCHEMBL14359771,n/a,C10H16O2,168.115029755,M+H,+,169.122306,15
169.1197253,HMDB0182619,"2-[2-(hydroxymethyl)-2,3-dimethylcyclopent-3-en-1-yl]acetaldehyde",n/a,C10H16O2,168.115029755,M+H,+,169.122306,15
169.1197253,HMDB0182618,"2-hydroxy-2-(2,2,3-trimethylcyclopent-3-en-1-yl)acetaldehyde",n/a,C10H16O2,168.115029755,M+H,+,169.122306,15
169.1197253,HMDB0182617,25435-53-4,n/a,C10H16O2,168.115029755,M+H,+,169.122306,15
169.1197253,HMDB0181693,"3-(hydroxymethyl)-2,3-dimethyltricyclo[2.2.1.0²,⁶]heptan-1-ol",n/a,C10H16O2,168.115029755,M+H,+,169.122306,15
169.1197253,HMDB0181692,"7-(hydroxymethyl)-1,7-dimethyltricyclo[2.2.1.0²,⁶]heptan-3-ol",n/a,C10H16O2,168.115029755,M+H,+,169.122306,15
169.1197253,HMDB0181691,"[7-(hydroxymethyl)-7-methyltricyclo[2.2.1.0²,⁶]heptan-1-yl]methanol",n/a,C10H16O2,168.115029755,M+H,+,169.122306,15
169.1197253,HMDB0163108,"{3-[(1Z,4Z)-hepta-1,4-dien-1-yl]oxiran-2-yl}methanol",n/a,C10H16O2,168.115029755,M+H,+,169.122306,15
169.1197253,HMDB0182681,8-Hydroxycarvotanacetone,n/a,C10H16O2,168.115029755,M+H,+,169.122306,15
169.1197253,HMDB0037821,"xi-1,8,8-Trimethyl-2-oxabicyclo[3.2.1]octan-3-one",C02108,C10H16O2,168.115029756,M+H,+,169.122306,15
169.1197253,HMDB0036067,Epoxycampholenic aldehyde,n/a,C10H16O2,168.115029756,M+H,+,169.122306,15
169.1197253,HMDB0037175,4-Isopropyl-3-cyclohexene-1-carboxylic acid,n/a,C10H16O2,168.115029756,M+H,+,169.122306,15
169.1197253,HMDB0040639,(xi)-(Z)-5-(3-Hexenyl)dihydro-2(3H)-furanone,n/a,C10H16O2,168.115029756,M+H,+,169.122306,15
169.1197253,HMDB0035714,Epoxyartemisia ketone,n/a,C10H16O2,168.115029756,M+H,+,169.122306,15
169.1197253,HMDB0182682,4-hydroxy-2-methyl-5-(propan-2-yl)cyclohex-2-en-1-one,n/a,C10H16O2,168.115029755,M+H,+,169.122306,15
169.1197253,HMDB0031156,"Ethyl (4Z)-4,7-octadienoate",n/a,C10H16O2,168.115029756,M+H,+,169.122306,15
169.1197253,HMDB0032313,"2,4-Hexadienyl isobutyrate",n/a,C10H16O2,168.115029756,M+H,+,169.122306,15
169.1197253,HMDB0035829,Dihydronepetalactone,n/a,C10H16O2,168.115029756,M+H,+,169.122306,15
169.1197253,HMDB0032312,"2,4-Hexadienyl butyrate",n/a,C10H16O2,168.115029756,M+H,+,169.122306,15
169.1197253,HMDB0031273,Methyl octynecarboxylate,n/a,C10H16O2,168.115029756,M+H,+,169.122306,15
169.1197253,HMDB0033700,(-)-(Z)-Tetrahydro-6-(2-pentenyl)-2H-pyran-2-one,n/a,C10H16O2,168.115029756,M+H,+,169.122306,15
169.1197253,HMDB0034452,"5,6-Dihydro-6-pentyl-2H-pyran-2-one",n/a,C10H16O2,168.115029756,M+H,+,169.122306,15
169.1197253,HMDB0036103,Geranic acid,C16461,C10H16O2,168.115029756,M+H,+,169.122306,15
169.1197253,HMDB0035766,Ascaridole,C09836,C10H16O2,168.115029756,M+H,+,169.122306,15
169.1197253,HMDB0013105,"trans-4,5-epoxy-2(E)-decenal",n/a,C10H16O2,168.115029756,M+H,+,169.122306,15
169.1197253,HMDB0037014,gamma-Diosphenol,n/a,C10H16O2,168.115029756,M+H,+,169.122306,15
169.1197253,HMDB0034670,"6-Hydroxy-2,6-dimethyl-2,7-octadien-4-one",n/a,C10H16O2,168.115029756,M+H,+,169.122306,15
169.1197253,HMDB0032434,(+/-)-2-(5-Methyl-5-vinyltetrahydrofuran-2-yl)propionaldehyde,n/a,C10H16O2,168.115029756,M+H,+,169.122306,15
169.1197253,HMDB0032319,cis-3-Hexenyl crotonate,n/a,C10H16O2,168.115029756,M+H,+,169.122306,15
169.1197253,HMDB0032219,(+/-)-Dihydromintlactone,n/a,C10H16O2,168.115029756,M+H,+,169.122306,15
169.1197253,HMDB0180148,"1-(hydroxymethyl)-3,3-dimethyl-2-oxabicyclo[2.2.2]octan-6-ol",n/a,C10H18O3,186.12559444,M+H-H2O,+,169.122894,19
169.1197253,HMDB0180508,6-hydroxydec-9-enoic acid,n/a,C10H18O3,186.12559444,M+H-H2O,+,169.122894,19
169.1197253,HMDB0164896,"6,7-dihydroxy-7-methyl-3-methylideneoctanal",n/a,C10H18O3,186.12559444,M+H-H2O,+,169.122894,19
169.1197253,HMDB0164962,"1-(2-hydroxypropan-2-yl)-4-methylbicyclo[3.1.0]hexane-2,4-diol",n/a,C10H18O3,186.12559444,M+H-H2O,+,169.122894,19
169.1197253,HMDB0180052,(6E)-5-hydroxy-8-methylnon-6-enoic acid,n/a,C10H18O3,186.12559444,M+H-H2O,+,169.122894,19
169.1197253,HMDB0180055,(6E)-2-hydroxy-8-methylnon-6-enoic acid,n/a,C10H18O3,186.12559444,M+H-H2O,+,169.122894,19
169.1197253,HMDB0180054,(6E)-9-hydroxy-8-methylnon-6-enoic acid,n/a,C10H18O3,186.12559444,M+H-H2O,+,169.122894,19
169.1197253,HMDB0180051,(6E)-8-hydroxy-8-methylnon-6-enoic acid,n/a,C10H18O3,186.12559444,M+H-H2O,+,169.122894,19
169.1197253,HMDB0180506,4-hydroxydec-9-enoic acid,n/a,C10H18O3,186.12559444,M+H-H2O,+,169.122894,19
169.1197253,HMDB0180507,5-hydroxydec-9-enoic acid,n/a,C10H18O3,186.12559444,M+H-H2O,+,169.122894,19
169.1197253,HMDB0180505,3-hydroxy-9-decenoic acid,n/a,C10H18O3,186.12559444,M+H-H2O,+,169.122894,19
169.1197253,HMDB0180509,7-hydroxydec-9-enoic acid,n/a,C10H18O3,186.12559444,M+H-H2O,+,169.122894,19
169.1197253,HMDB0180053,5-[3-(propan-2-yl)oxiran-2-yl]pentanoic acid,n/a,C10H18O3,186.12559444,M+H-H2O,+,169.122894,19
169.1197253,HMDB0180512,2-hydroxydec-9-enoic acid,n/a,C10H18O3,186.12559444,M+H-H2O,+,169.122894,19
169.1197253,HMDB0180510,8-hydroxy-9-decenoic acid,n/a,C10H18O3,186.12559444,M+H-H2O,+,169.122894,19
169.1197253,HMDB0180511,Oxiraneoctanoic acid,n/a,C10H18O3,186.12559444,M+H-H2O,+,169.122894,19
169.1197253,HMDB0163825,"5-(1,2-dihydroxypropan-2-yl)-2-methylcyclohexan-1-one",n/a,C10H18O3,186.12559444,M+H-H2O,+,169.122894,19
169.1197253,HMDB0010724,3-Oxodecanoic acid,n/a,C10H18O3,186.125594442,M+H-H2O,+,169.122894,19
169.1197253,HMDB0033010,"(1S,2S,4S,5R)-1,8-Epoxy-p-menthane-2,5-diol",n/a,C10H18O3,186.125594442,M+H-H2O,+,169.122894,19
169.1197253,HMDB0039533,(E)-10-Hydroxy-8-decenoic acid,n/a,C10H18O3,186.125594442,M+H-H2O,+,169.122894,19
169.1197253,HMDB0041376,"exo,exo-1,8-Epoxy-p-menthane-2,6-diol",C17620,C10H18O3,186.125594442,M+H-H2O,+,169.122894,19
169.1197253,HMDB0030369,3-Hydroxy-5Z-octenyl acetate,n/a,C10H18O3,186.125594442,M+H-H2O,+,169.122894,19
169.1197253,HMDB0040204,2-Methylbutyl 3-hydroxy-2-methylidenebutanoate,n/a,C10H18O3,186.125594442,M+H-H2O,+,169.122894,19
169.1197253,HMDB0040205,3-Methylbutyl 3-hydroxy-2-methylidenebutanoate,n/a,C10H18O3,186.125594442,M+H-H2O,+,169.122894,19
169.1197253,HMDB0030367,"Ethyl (3R,5Z)-3-hydroxy-5-octenoate",n/a,C10H18O3,186.125594442,M+H-H2O,+,169.122894,19
169.1197253,HMDB0038978,"(1beta,2beta,5beta)-p-Menth-3-ene-1,2,5-triol",n/a,C10H18O3,186.125594442,M+H-H2O,+,169.122894,19
169.1197253,HMDB0041545,"(1R,2R,4R)-1,8-Epoxy-p-menthane-2,4-diol",n/a,C10H18O3,186.125594442,M+H-H2O,+,169.122894,19
169.1197253,HMDB0039587,"5-Hexyl-1,4-dioxan-2-one",n/a,C10H18O3,186.125594442,M+H-H2O,+,169.122894,19
169.1197253,HMDB0038692,"6-Methyl-2-methylene-6-octene-1,3,8-triol",n/a,C10H18O3,186.125594442,M+H-H2O,+,169.122894,19
169.1197253,HMDB0039582,"6-Hexyl-1,4-dioxan-2-one",n/a,C10H18O3,186.125594442,M+H-H2O,+,169.122894,19
406.329439,HMDB0038523,Methyl 2-(10-heptadecenyl)-6-hydroxybenzoate,n/a,C25H40O3,388.297745146,M+NH4,+,406.331568,5
406.329439,HMDB0240780,O-Linoleoylcarnitine,n/a,C25H45NO4,423.334858933,M+H-H2O,+,406.332159,7
406.329439,HMDB0006469,Linoleyl carnitine,n/a,C25H45NO4,423.334858933,M+H-H2O,+,406.332159,7
406.329439,HMDB0060145,alpha-Tocotrienoxyl radical,n/a,C29H43O2,423.32630562,M+H-H2O,+,406.323606,14
432.3112082,HMDB0000631,Deoxycholic acid glycine conjugate,C05464 ,C26H43NO5,449.314123491,M+H-H2O,+,432.311423,0
432.3112082,HMDB0000637,Chenodeoxycholic acid glycine conjugate,C05466,C26H43NO5,449.314123491,M+H-H2O,+,432.311423,0
432.3112082,HMDB0161141,"2-({4-[(1S,2S,7R,10S,11S,14R,15R)-5,17-dihydroxy-2,15-dimethyltetracyclo[8.7.0.0²,⁷.0¹¹,¹⁵]heptadecan-14-yl]-1-hydroxypentylidene}amino)acetic acid",n/a,C26H43NO5,449.314123489,M+H-H2O,+,432.311423,0
432.3112082,HMDB0184641,"2-({4-[(1S,2S,7S,10R,11S,15R)-5,9-dihydroxy-2,15-dimethyltetracyclo[8.7.0.0²,⁷.0¹¹,¹⁵]heptadecan-14-yl]-1-hydroxypentylidene}amino)acetic acid",n/a,C26H43NO5,449.314123489,M+H-H2O,+,432.311423,0
432.3112082,HMDB0006898,Chenodeoxyglycocholic acid,C05462,C26H43NO5,449.314123491,M+H-H2O,+,432.311423,0
432.3112082,HMDB0161140,"2-({1,5-dihydroxy-4-[(1S,2S,7R,10R,11S,14R,15S)-5-hydroxy-2,15-dimethyltetracyclo[8.7.0.0²,⁷.0¹¹,¹⁵]heptadecan-14-yl]pentylidene}amino)acetic acid",n/a,C26H43NO5,449.314123489,M+H-H2O,+,432.311423,0
432.3112082,HMDB0000708,Glycoursodeoxycholic acid,n/a,C26H43NO5,449.314123491,M+H-H2O,+,432.311423,0
432.3112082,HMDB0161139,"2-({4-[(1S,2S,7R,10R,11S,14R,15R)-2,15-dimethyl-5-oxotetracyclo[8.7.0.0²,⁷.0¹¹,¹⁵]heptadecan-14-yl]-1-hydroxypentylidene}amino)acetic acid",n/a,C26H41NO4,431.303558804,M+H,+,432.310835,1
432.3112082,HMDB0173224,"3-[(2Z,6E,10E)-3,7,11,15-tetramethylhexadeca-2,6,10,14-tetraen-1-yl]benzene-1,2,4,5-tetrol",n/a,C26H38O4,414.277009704,M+NH4,+,432.310833,1
432.3112082,HMDB0173223,"4-[(2Z,6E,10E)-3,7,11,15-tetramethylhexadeca-2,6,10,14-tetraen-1-yl]benzene-1,2,3,5-tetrol",n/a,C26H38O4,414.277009704,M+NH4,+,432.310833,1
432.3112082,HMDB0173227,"3-[(2Z,6E)-3,7-dimethyl-9-[3-methyl-3-(4-methylpent-3-en-1-yl)oxiran-2-yl]nona-2,6-dien-1-yl]benzene-1,2,4-triol",n/a,C26H38O4,414.277009704,M+NH4,+,432.310833,1
432.3112082,HMDB0173228,"3-[(2Z,6E,10E)-13-(3,3-dimethyloxiran-2-yl)-3,7,11-trimethyltrideca-2,6,10-trien-1-yl]benzene-1,2,4-triol",n/a,C26H38O4,414.277009704,M+NH4,+,432.310833,1
432.3112082,HMDB0173226,"3-[(2Z)-5-{3-[(3E)-4,8-dimethylnona-3,7-dien-1-yl]-3-methyloxiran-2-yl}-3-methylpent-2-en-1-yl]benzene-1,2,4-triol",n/a,C26H38O4,414.277009704,M+NH4,+,432.310833,1
432.3112082,HMDB0173225,"3-({3-methyl-3-[(3E,7E)-4,8,12-trimethyltrideca-3,7,11-trien-1-yl]oxiran-2-yl}methyl)benzene-1,2,4-triol",n/a,C26H38O4,414.277009704,M+NH4,+,432.310833,1
432.3112082,HMDB0012516,11'-Carboxy-alpha-tocotrienol,n/a,C26H38O4,414.277009704,M+NH4,+,432.310833,1
432.3112082,HMDB0030140,Adlupulone,n/a,C26H38O4,414.277009704,M+NH4,+,432.310833,1
432.3112082,HMDB0030041,Lupulone,C10706,C26H38O4,414.277009704,M+NH4,+,432.310833,1
443.1888361,HMDB0015354,Aminophylline,n/a,C16H24N10O4,420.198199306,M+Na,+,443.187417,3
443.1888361,HMDB0010366,Hyaluronan,n/a,C16H27NO12,425.153325313,M+NH4,+,443.187148,4
443.1888361,HMDB0061300,4-[(1E)-3-{4-[bis(4-fluorophenyl)methyl]piperazin-1-yl}prop-1-en-1-yl]phenol,n/a,C26H26F2N2O,420.201319874,M+Na,+,443.190538,4
443.1888361,HMDB0060932,"N-Desmethyl sildenafil (UK-103,320)",n/a,C21H28N6O4S,460.189274104,M+H-H2O,+,443.186574,5
443.1888361,HMDB0181876,"6-({4,6-dihydroxy-3,4a,5-trimethyl-4H,4aH,5H,6H,7H,8H,8aH,9H-naphtho[2,3-b]furan-7-yl}oxy)-3,4,5-trihydroxyoxane-2-carboxylic acid",n/a,C21H30O10,442.183897166,M+H,+,443.191173,5
443.1888361,HMDB0181865,"6-({4,6-dihydroxy-3,4a,5-trimethyl-4H,4aH,5H,6H,7H,8H,8aH,9H-naphtho[2,3-b]furan-8a-yl}oxy)-3,4,5-trihydroxyoxane-2-carboxylic acid",n/a,C21H30O10,442.183897166,M+H,+,443.191173,5
443.1888361,HMDB0181867,"6-({4,8a-dihydroxy-3,4a,5-trimethyl-4H,4aH,5H,6H,7H,8H,8aH,9H-naphtho[2,3-b]furan-6-yl}oxy)-3,4,5-trihydroxyoxane-2-carboxylic acid",n/a,C21H30O10,442.183897166,M+H,+,443.191173,5
443.1888361,HMDB0181870,"6-({4,6-dihydroxy-3,4a,5-trimethyl-4H,4aH,5H,6H,7H,8H,8aH,9H-naphtho[2,3-b]furan-8-yl}oxy)-3,4,5-trihydroxyoxane-2-carboxylic acid",n/a,C21H30O10,442.183897166,M+H,+,443.191173,5
443.1888361,HMDB0181877,"6-({6,7-dihydroxy-3,4a,5-trimethyl-4H,4aH,5H,6H,7H,8H,8aH,9H-naphtho[2,3-b]furan-4-yl}oxy)-3,4,5-trihydroxyoxane-2-carboxylic acid",n/a,C21H30O10,442.183897166,M+H,+,443.191173,5
443.1888361,HMDB0181878,"6-({4,7-dihydroxy-3,4a,5-trimethyl-4H,4aH,5H,6H,7H,8H,8aH,9H-naphtho[2,3-b]furan-6-yl}oxy)-3,4,5-trihydroxyoxane-2-carboxylic acid",n/a,C21H30O10,442.183897166,M+H,+,443.191173,5
443.1888361,HMDB0181844,"3,4,5-trihydroxy-6-{[4-hydroxy-4a-(hydroxymethyl)-3,5-dimethyl-4H,4aH,5H,6H,7H,8H,8aH,9H-naphtho[2,3-b]furan-6-yl]oxy}oxane-2-carboxylic acid",n/a,C21H30O10,442.183897166,M+H,+,443.191173,5
443.1888361,HMDB0181871,"6-({6,8-dihydroxy-3,4a,5-trimethyl-4H,4aH,5H,6H,7H,8H,8aH,9H-naphtho[2,3-b]furan-4-yl}oxy)-3,4,5-trihydroxyoxane-2-carboxylic acid",n/a,C21H30O10,442.183897166,M+H,+,443.191173,5
443.1888361,HMDB0181866,"6-({6,8a-dihydroxy-3,4a,5-trimethyl-4H,4aH,5H,6H,7H,8H,8aH,9H-naphtho[2,3-b]furan-4-yl}oxy)-3,4,5-trihydroxyoxane-2-carboxylic acid",n/a,C21H30O10,442.183897166,M+H,+,443.191173,5
443.1888361,HMDB0181860,"3,4,5-trihydroxy-6-{[6-hydroxy-3-(hydroxymethyl)-4a,5-dimethyl-4H,4aH,5H,6H,7H,8H,8aH,9H-naphtho[2,3-b]furan-4-yl]oxy}oxane-2-carboxylic acid",n/a,C21H30O10,442.183897166,M+H,+,443.191173,5
443.1888361,HMDB0178480,"3,4,5-trihydroxy-6-({6-hydroxy-3,5a-dimethyl-9-methylidene-2-oxo-dodecahydronaphtho[1,2-b]furan-9a-yl}oxy)oxane-2-carboxylic acid",n/a,C21H30O10,442.183897166,M+H,+,443.191173,5
443.1888361,HMDB0165062,"6-{[1-(furan-3-yl)-4,8-dimethyl-1,6-dioxononan-4-yl]oxy}-3,4,5-trihydroxyoxane-2-carboxylic acid",n/a,C21H30O10,442.183897166,M+H,+,443.191173,5
443.1888361,HMDB0182986,"6-({3-formyl-2,2a-dihydroxy-6,6,7b-trimethyl-1H,2H,2aH,4aH,5H,6H,7H,7aH,7bH-cyclobuta[e]inden-4a-yl}oxy)-3,4,5-trihydroxyoxane-2-carboxylic acid",n/a,C21H30O10,442.183897166,M+H,+,443.191173,5
443.1888361,HMDB0181843,"3,4,5-trihydroxy-6-{[6-hydroxy-4a-(hydroxymethyl)-3,5-dimethyl-4H,4aH,5H,6H,7H,8H,8aH,9H-naphtho[2,3-b]furan-4-yl]oxy}oxane-2-carboxylic acid",n/a,C21H30O10,442.183897166,M+H,+,443.191173,5
443.1888361,HMDB0181842,"6-({4,6-dihydroxy-3,5-dimethyl-4H,4aH,5H,6H,7H,8H,8aH,9H-naphtho[2,3-b]furan-4a-yl}methoxy)-3,4,5-trihydroxyoxane-2-carboxylic acid",n/a,C21H30O10,442.183897166,M+H,+,443.191173,5
443.1888361,HMDB0181848,"6-({4,6-dihydroxy-3,4a-dimethyl-4H,4aH,5H,6H,7H,8H,8aH,9H-naphtho[2,3-b]furan-5-yl}methoxy)-3,4,5-trihydroxyoxane-2-carboxylic acid",n/a,C21H30O10,442.183897166,M+H,+,443.191173,5
443.1888361,HMDB0181850,"3,4,5-trihydroxy-6-{[4-hydroxy-5-(hydroxymethyl)-3,4a-dimethyl-4H,4aH,5H,6H,7H,8H,8aH,9H-naphtho[2,3-b]furan-6-yl]oxy}oxane-2-carboxylic acid",n/a,C21H30O10,442.183897166,M+H,+,443.191173,5
443.1888361,HMDB0181849,"3,4,5-trihydroxy-6-{[6-hydroxy-5-(hydroxymethyl)-3,4a-dimethyl-4H,4aH,5H,6H,7H,8H,8aH,9H-naphtho[2,3-b]furan-4-yl]oxy}oxane-2-carboxylic acid",n/a,C21H30O10,442.183897166,M+H,+,443.191173,5
443.1888361,HMDB0181854,"6-({4,6-dihydroxy-3,4a,5-trimethyl-4H,4aH,5H,6H,7H,8H,8aH,9H-naphtho[2,3-b]furan-5-yl}oxy)-3,4,5-trihydroxyoxane-2-carboxylic acid",n/a,C21H30O10,442.183897166,M+H,+,443.191173,5
443.1888361,HMDB0181856,"6-({4,5-dihydroxy-3,4a,5-trimethyl-4H,4aH,5H,6H,7H,8H,8aH,9H-naphtho[2,3-b]furan-6-yl}oxy)-3,4,5-trihydroxyoxane-2-carboxylic acid",n/a,C21H30O10,442.183897166,M+H,+,443.191173,5
443.1888361,HMDB0181855,"6-({5,6-dihydroxy-3,4a,5-trimethyl-4H,4aH,5H,6H,7H,8H,8aH,9H-naphtho[2,3-b]furan-4-yl}oxy)-3,4,5-trihydroxyoxane-2-carboxylic acid",n/a,C21H30O10,442.183897166,M+H,+,443.191173,5
443.1888361,HMDB0181859,"6-({4,6-dihydroxy-4a,5-dimethyl-4H,4aH,5H,6H,7H,8H,8aH,9H-naphtho[2,3-b]furan-3-yl}methoxy)-3,4,5-trihydroxyoxane-2-carboxylic acid",n/a,C21H30O10,442.183897166,M+H,+,443.191173,5
443.1888361,HMDB0181861,"3,4,5-trihydroxy-6-{[4-hydroxy-3-(hydroxymethyl)-4a,5-dimethyl-4H,4aH,5H,6H,7H,8H,8aH,9H-naphtho[2,3-b]furan-6-yl]oxy}oxane-2-carboxylic acid",n/a,C21H30O10,442.183897166,M+H,+,443.191173,5
443.1888361,HMDB0178481,"6-({9a-hydroxy-3,5a-dimethyl-9-methylidene-2-oxo-dodecahydronaphtho[1,2-b]furan-6-yl}oxy)-3,4,5-trihydroxyoxane-2-carboxylic acid",n/a,C21H30O10,442.183897166,M+H,+,443.191173,5
443.1888361,HMDB0182976,"6-({3-formyl-2a,7-dihydroxy-6,6,7b-trimethyl-1H,2H,2aH,4aH,5H,6H,7H,7aH,7bH-cyclobuta[e]inden-2-yl}oxy)-3,4,5-trihydroxyoxane-2-carboxylic acid",n/a,C21H30O10,442.183897166,M+H,+,443.191173,5
443.1888361,HMDB0182978,"6-({3-formyl-2,7-dihydroxy-6,6,7b-trimethyl-1H,2H,2aH,4aH,5H,6H,7H,7aH,7bH-cyclobuta[e]inden-2a-yl}oxy)-3,4,5-trihydroxyoxane-2-carboxylic acid",n/a,C21H30O10,442.183897166,M+H,+,443.191173,5
443.1888361,HMDB0182981,"6-({4-formyl-5-hydroxy-8,11,11-trimethyl-3-oxatetracyclo[7.3.0.0²,⁴.0⁵,⁸]dodecan-6-yl}oxy)-3,4,5-trihydroxyoxane-2-carboxylic acid",n/a,C21H30O10,442.183897166,M+H,+,443.191173,5
443.1888361,HMDB0182968,"6-{[3-formyl-2-hydroxy-7b-(hydroxymethyl)-6,6-dimethyl-1H,2H,2aH,4aH,5H,6H,7H,7aH,7bH-cyclobuta[e]inden-2a-yl]oxy}-3,4,5-trihydroxyoxane-2-carboxylic acid",n/a,C21H30O10,442.183897166,M+H,+,443.191173,5
443.1888361,HMDB0182982,"6-({4-formyl-6-hydroxy-8,11,11-trimethyl-3-oxatetracyclo[7.3.0.0²,⁴.0⁵,⁸]dodecan-5-yl}oxy)-3,4,5-trihydroxyoxane-2-carboxylic acid",n/a,C21H30O10,442.183897166,M+H,+,443.191173,5
443.1888361,HMDB0182987,"6-({3-formyl-2,4a-dihydroxy-6,6,7b-trimethyl-1H,2H,2aH,4aH,5H,6H,7H,7aH,7bH-cyclobuta[e]inden-2a-yl}oxy)-3,4,5-trihydroxyoxane-2-carboxylic acid",n/a,C21H30O10,442.183897166,M+H,+,443.191173,5
443.1888361,HMDB0182985,"6-({3-formyl-2a,4a-dihydroxy-6,6,7b-trimethyl-1H,2H,2aH,4aH,5H,6H,7H,7aH,7bH-cyclobuta[e]inden-2-yl}oxy)-3,4,5-trihydroxyoxane-2-carboxylic acid",n/a,C21H30O10,442.183897166,M+H,+,443.191173,5
443.1888361,HMDB0182990,"6-({3-formyl-2,2a-dihydroxy-6,6,7b-trimethyl-1H,2H,2aH,4aH,5H,6H,7H,7aH,7bH-cyclobuta[e]inden-7a-yl}oxy)-3,4,5-trihydroxyoxane-2-carboxylic acid",n/a,C21H30O10,442.183897166,M+H,+,443.191173,5
443.1888361,HMDB0034120,Lusitanicoside,C10474,C21H30O10,442.18389718,M+H,+,443.191173,5
443.1888361,HMDB0182989,"6-({3-formyl-2a,7a-dihydroxy-6,6,7b-trimethyl-1H,2H,2aH,4aH,5H,6H,7H,7aH,7bH-cyclobuta[e]inden-2-yl}oxy)-3,4,5-trihydroxyoxane-2-carboxylic acid",n/a,C21H30O10,442.183897166,M+H,+,443.191173,5
443.1888361,HMDB0182991,"6-({3-formyl-2,7a-dihydroxy-6,6,7b-trimethyl-1H,2H,2aH,4aH,5H,6H,7H,7aH,7bH-cyclobuta[e]inden-2a-yl}oxy)-3,4,5-trihydroxyoxane-2-carboxylic acid",n/a,C21H30O10,442.183897166,M+H,+,443.191173,5
443.1888361,HMDB0182977,"6-({3-formyl-2,2a-dihydroxy-6,6,7b-trimethyl-1H,2H,2aH,4aH,5H,6H,7H,7aH,7bH-cyclobuta[e]inden-7-yl}oxy)-3,4,5-trihydroxyoxane-2-carboxylic acid",n/a,C21H30O10,442.183897166,M+H,+,443.191173,5
443.1888361,HMDB0182973,"6-({3-formyl-2,5-dihydroxy-6,6,7b-trimethyl-1H,2H,2aH,4aH,5H,6H,7H,7aH,7bH-cyclobuta[e]inden-2a-yl}oxy)-3,4,5-trihydroxyoxane-2-carboxylic acid",n/a,C21H30O10,442.183897166,M+H,+,443.191173,5
443.1888361,HMDB0181872,"6-({4,8-dihydroxy-3,4a,5-trimethyl-4H,4aH,5H,6H,7H,8H,8aH,9H-naphtho[2,3-b]furan-6-yl}oxy)-3,4,5-trihydroxyoxane-2-carboxylic acid",n/a,C21H30O10,442.183897166,M+H,+,443.191173,5
443.1888361,HMDB0182895,"3,4,5-trihydroxy-6-{3-hydroxy-7,7a-dimethyl-4'-methylidene-octahydrospiro[indene-2,3'-oxolane]-2'-oneoxy}oxane-2-carboxylic acid",n/a,C21H30O10,442.183897166,M+H,+,443.191173,5
443.1888361,HMDB0182896,"3,4,5-trihydroxy-6-{4-hydroxy-7,7a-dimethyl-4'-methylidene-octahydrospiro[indene-2,3'-oxolane]-2'-oneoxy}oxane-2-carboxylic acid",n/a,C21H30O10,442.183897166,M+H,+,443.191173,5
443.1888361,HMDB0182961,"6-{[3-formyl-2a-hydroxy-6-(hydroxymethyl)-6,7b-dimethyl-1H,2H,2aH,4aH,5H,6H,7H,7aH,7bH-cyclobuta[e]inden-2-yl]oxy}-3,4,5-trihydroxyoxane-2-carboxylic acid",n/a,C21H30O10,442.183897166,M+H,+,443.191173,5
443.1888361,HMDB0182962,"6-({3-formyl-2,2a-dihydroxy-6,7b-dimethyl-1H,2H,2aH,4aH,5H,6H,7H,7aH,7bH-cyclobuta[e]inden-6-yl}methoxy)-3,4,5-trihydroxyoxane-2-carboxylic acid",n/a,C21H30O10,442.183897166,M+H,+,443.191173,5
443.1888361,HMDB0182963,"6-{[3-formyl-2-hydroxy-6-(hydroxymethyl)-6,7b-dimethyl-1H,2H,2aH,4aH,5H,6H,7H,7aH,7bH-cyclobuta[e]inden-2a-yl]oxy}-3,4,5-trihydroxyoxane-2-carboxylic acid",n/a,C21H30O10,442.183897166,M+H,+,443.191173,5
443.1888361,HMDB0182966,"6-{[3-formyl-2a-hydroxy-7b-(hydroxymethyl)-6,6-dimethyl-1H,2H,2aH,4aH,5H,6H,7H,7aH,7bH-cyclobuta[e]inden-2-yl]oxy}-3,4,5-trihydroxyoxane-2-carboxylic acid",n/a,C21H30O10,442.183897166,M+H,+,443.191173,5
443.1888361,HMDB0182967,"6-({3-formyl-2,2a-dihydroxy-6,6-dimethyl-1H,2H,2aH,4aH,5H,6H,7H,7aH,7bH-cyclobuta[e]inden-7b-yl}methoxy)-3,4,5-trihydroxyoxane-2-carboxylic acid",n/a,C21H30O10,442.183897166,M+H,+,443.191173,5
443.1888361,HMDB0182971,"6-({3-formyl-2a,5-dihydroxy-6,6,7b-trimethyl-1H,2H,2aH,4aH,5H,6H,7H,7aH,7bH-cyclobuta[e]inden-2-yl}oxy)-3,4,5-trihydroxyoxane-2-carboxylic acid",n/a,C21H30O10,442.183897166,M+H,+,443.191173,5
443.1888361,HMDB0182972,"6-({3-formyl-2,2a-dihydroxy-6,6,7b-trimethyl-1H,2H,2aH,4aH,5H,6H,7H,7aH,7bH-cyclobuta[e]inden-5-yl}oxy)-3,4,5-trihydroxyoxane-2-carboxylic acid",n/a,C21H30O10,442.183897166,M+H,+,443.191173,5
443.1888361,HMDB0061351,Dihydroartemisinin glucuronide ,n/a,C21H32O11,460.194461866,M+H-H2O,+,443.191762,7
443.1888361,HMDB0036983,Garcimangosone A,n/a,C28H28O6,460.188588628,M+H-H2O,+,443.185889,7
443.1888361,HMDB0030556,Tocopheronic acid,n/a,C28H28O6,460.188588628,M+H-H2O,+,443.185889,7
443.1888361,HMDB0161562,"(4E,8E)-9-(2H-1,3-benzodioxol-5-yl)-N-[2-methyl-3-(sulfooxy)propyl]nona-4,8-dienimidic acid",n/a,C20H27NO7S,425.150823387,M+NH4,+,443.184646,9
443.1888361,HMDB0161601,"(2E,8E)-9-(2H-1,3-benzodioxol-5-yl)-N-[2-methyl-3-(sulfooxy)propyl]nona-2,8-dienimidic acid",n/a,C20H27NO7S,425.150823387,M+NH4,+,443.184646,9
443.1888361,HMDB0161594,"(2E,8E)-9-(2H-1,3-benzodioxol-5-yl)-N-(2-methylpropyl)-4-(sulfooxy)nona-2,8-dienimidic acid",n/a,C20H27NO7S,425.150823387,M+NH4,+,443.184646,9
443.1888361,HMDB0161592,"(2E,8E)-9-(2H-1,3-benzodioxol-5-yl)-N-(2-methylpropyl)-7-(sulfooxy)nona-2,8-dienimidic acid",n/a,C20H27NO7S,425.150823387,M+NH4,+,443.184646,9
443.1888361,HMDB0161568,"(4E,8E)-9-(2H-1,3-benzodioxol-5-yl)-N-(2-methylpropyl)-2-(sulfooxy)nona-4,8-dienimidic acid",n/a,C20H27NO7S,425.150823387,M+NH4,+,443.184646,9
443.1888361,HMDB0161555,"(4E,8E)-9-(2H-1,3-benzodioxol-5-yl)-N-(2-methylpropyl)-3-(sulfooxy)nona-4,8-dienimidic acid",n/a,C20H27NO7S,425.150823387,M+NH4,+,443.184646,9
443.1888361,HMDB0161551,"(4E,8E)-9-(2H-1,3-benzodioxol-5-yl)-N-(2-methylpropyl)-7-(sulfooxy)nona-4,8-dienimidic acid",n/a,C20H27NO7S,425.150823387,M+NH4,+,443.184646,9
443.1888361,HMDB0161553,"(4E,8E)-9-(2H-1,3-benzodioxol-5-yl)-N-(2-methylpropyl)-6-(sulfooxy)nona-4,8-dienimidic acid",n/a,C20H27NO7S,425.150823387,M+NH4,+,443.184646,9
443.1888361,HMDB0145086,"6-[(5-carbamimidoyl-2-{2-[4-(diaminomethylidene)cyclohexa-2,5-dien-1-ylidene]ethylidene}cyclohex-3-en-1-yl)oxy]-3,4,5-trihydroxyoxane-2-carboxylic acid",n/a,C22H28N4O7,460.195799258,M+H-H2O,+,443.193099,10
443.1888361,HMDB0145075,"6-[(3-carbamimidoyl-6-{2-[4-(diaminomethylidene)cyclohexa-2,5-dien-1-ylidene]ethyl}cyclohexa-2,4-dien-1-yl)oxy]-3,4,5-trihydroxyoxane-2-carboxylic acid",n/a,C22H28N4O7,460.195799258,M+H-H2O,+,443.193099,10
443.1888361,HMDB0040608,Kanzonol F,n/a,C26H28O5,420.193674006,M+Na,+,443.182892,13
443.1888361,HMDB0015315,Domperidone,n/a,C22H24ClN5O2,425.161852744,M+NH4,+,443.195676,15
645.3053634,HMDB0145596,"(6R,12Z,17E,19E)-6-[2-(ethylamino)ethanesulfonyl]-14,21-dihydroxy-11,19-dimethyl-10-(propan-2-yl)-9,26-dioxa-3,15,28-triazatricyclo[23.2.1.0³,⁷]octacosa-1(27),12,14,17,19,25(28)-hexaene-2,8,23-trione",n/a,C32H46N4O9S,662.298550251,M+H-H2O,+,645.29585,15
645.3053634,HMDB0030174,Isotetrandrine,C17060,C38H42N2O6,622.304287086,M+Na,+,645.293505,18
646.3079839,HMDB0165995,"1-(6-hydroxy-7-{3-[(7-hydroxy-6-methoxy-2-methyl-1,2,3,4-tetrahydroisoquinolin-1-yl)methyl]phenoxy}-1-[(4-methoxyphenyl)methyl]-2-methyl-1,2,3,4-tetrahydro-2λ⁵-isoquinolin-2-yl)ethan-1-one",n/a,C38H43N2O6,623.312112113,M+Na,+,646.30133,10
646.3079839,HMDB0165996,"1-(7-{3-[(7-hydroxy-6-methoxy-2-methyl-1,2,3,4-tetrahydroisoquinolin-1-yl)methyl]phenoxy}-1-[(4-hydroxyphenyl)methyl]-6-methoxy-2-methyl-1,2,3,4-tetrahydro-2λ⁵-isoquinolin-2-yl)ethan-1-one",n/a,C38H43N2O6,623.312112113,M+Na,+,646.30133,10
646.3079839,HMDB0165974,"1-(7-hydroxy-6-methoxy-1-{[3-({6-methoxy-1-[(4-methoxyphenyl)methyl]-1,2,3,4-tetrahydroisoquinolin-7-yl}oxy)phenyl]methyl}-2-methyl-1,2,3,4-tetrahydro-2λ⁵-isoquinolin-2-yl)ethan-1-one",n/a,C38H43N2O6,623.312112113,M+Na,+,646.30133,10
646.3079839,HMDB0165971,"1-[1-({3-[(1-benzyl-6-methoxy-2-methyl-1,2,3,4-tetrahydroisoquinolin-7-yl)oxy]-4-hydroxyphenyl}methyl)-7-hydroxy-6-methoxy-2-methyl-1,2,3,4-tetrahydro-2λ⁵-isoquinolin-2-yl]ethan-1-one",n/a,C38H43N2O6,623.312112113,M+Na,+,646.30133,10
646.3079839,HMDB0165968,"1-(6,7-dihydroxy-1-{[3-({6-methoxy-1-[(4-methoxyphenyl)methyl]-2-methyl-1,2,3,4-tetrahydroisoquinolin-7-yl}oxy)phenyl]methyl}-2-methyl-1,2,3,4-tetrahydro-2λ⁵-isoquinolin-2-yl)ethan-1-one",n/a,C38H43N2O6,623.312112113,M+Na,+,646.30133,10
646.3079839,HMDB0165970,"1-(7-hydroxy-1-{[3-({1-[(4-hydroxyphenyl)methyl]-6-methoxy-2-methyl-1,2,3,4-tetrahydroisoquinolin-7-yl}oxy)phenyl]methyl}-6-methoxy-2-methyl-1,2,3,4-tetrahydro-2λ⁵-isoquinolin-2-yl)ethan-1-one",n/a,C38H43N2O6,623.312112113,M+Na,+,646.30133,10
646.3079839,HMDB0165997,"1-(1-benzyl-7-{2-hydroxy-5-[(7-hydroxy-6-methoxy-2-methyl-1,2,3,4-tetrahydroisoquinolin-1-yl)methyl]phenoxy}-6-methoxy-2-methyl-1,2,3,4-tetrahydro-2λ⁵-isoquinolin-2-yl)ethan-1-one",n/a,C38H43N2O6,623.312112113,M+Na,+,646.30133,10
646.3079839,HMDB0166000,"1-(7-{3-[(7-hydroxy-6-methoxy-1,2,3,4-tetrahydroisoquinolin-1-yl)methyl]phenoxy}-6-methoxy-1-[(4-methoxyphenyl)methyl]-2-methyl-1,2,3,4-tetrahydro-2λ⁵-isoquinolin-2-yl)ethan-1-one",n/a,C38H43N2O6,623.312112113,M+Na,+,646.30133,10
646.3079839,HMDB0168061,"1-(6-hydroxy-1-{[3-({1-[(4-hydroxyphenyl)methyl]-6-methoxy-2-methyl-1,2,3,4-tetrahydroisoquinolin-7-yl}oxy)phenyl]methyl}-7-methoxy-2-methyl-1,2,3,4-tetrahydro-2λ⁵-isoquinolin-2-yl)ethan-1-one",n/a,C38H43N2O6,623.312112113,M+Na,+,646.30133,10
646.3079839,HMDB0168059,"1-[1-({3-[(1-benzyl-6-hydroxy-2-methyl-1,2,3,4-tetrahydroisoquinolin-7-yl)oxy]-4-hydroxyphenyl}methyl)-6,7-dimethoxy-2-methyl-1,2,3,4-tetrahydro-2λ⁵-isoquinolin-2-yl]ethan-1-one",n/a,C38H43N2O6,623.312112113,M+Na,+,646.30133,10
646.3079839,HMDB0168058,"1-(1-{[3-({6-hydroxy-1-[(4-hydroxyphenyl)methyl]-2-methyl-1,2,3,4-tetrahydroisoquinolin-7-yl}oxy)phenyl]methyl}-6,7-dimethoxy-2-methyl-1,2,3,4-tetrahydro-2λ⁵-isoquinolin-2-yl)ethan-1-one",n/a,C38H43N2O6,623.312112113,M+Na,+,646.30133,10
646.3079839,HMDB0168062,"1-[1-({3-[(1-benzyl-6-methoxy-2-methyl-1,2,3,4-tetrahydroisoquinolin-7-yl)oxy]-4-hydroxyphenyl}methyl)-6-hydroxy-7-methoxy-2-methyl-1,2,3,4-tetrahydro-2λ⁵-isoquinolin-2-yl]ethan-1-one",n/a,C38H43N2O6,623.312112113,M+Na,+,646.30133,10
646.3079839,HMDB0168073,"1-(7-{3-[(6-hydroxy-7-methoxy-2-methyl-1,2,3,4-tetrahydroisoquinolin-1-yl)methyl]phenoxy}-1-[(4-hydroxyphenyl)methyl]-6-methoxy-2-methyl-1,2,3,4-tetrahydro-2λ⁵-isoquinolin-2-yl)ethan-1-one",n/a,C38H43N2O6,623.312112113,M+Na,+,646.30133,10
646.3079839,HMDB0168070,"1-(7-{3-[(6,7-dimethoxy-2-methyl-1,2,3,4-tetrahydroisoquinolin-1-yl)methyl]phenoxy}-6-hydroxy-1-[(4-hydroxyphenyl)methyl]-2-methyl-1,2,3,4-tetrahydro-2λ⁵-isoquinolin-2-yl)ethan-1-one",n/a,C38H43N2O6,623.312112113,M+Na,+,646.30133,10
646.3079839,HMDB0168074,"1-(1-benzyl-7-{2-hydroxy-5-[(6-hydroxy-7-methoxy-2-methyl-1,2,3,4-tetrahydroisoquinolin-1-yl)methyl]phenoxy}-6-methoxy-2-methyl-1,2,3,4-tetrahydro-2λ⁵-isoquinolin-2-yl)ethan-1-one",n/a,C38H43N2O6,623.312112113,M+Na,+,646.30133,10
646.3079839,HMDB0165969,"1-(7-hydroxy-1-{[3-({6-hydroxy-1-[(4-methoxyphenyl)methyl]-2-methyl-1,2,3,4-tetrahydroisoquinolin-7-yl}oxy)phenyl]methyl}-6-methoxy-2-methyl-1,2,3,4-tetrahydro-2λ⁵-isoquinolin-2-yl)ethan-1-one",n/a,C38H43N2O6,623.312112113,M+Na,+,646.30133,10
646.3079839,HMDB0168071,"1-(1-benzyl-7-{5-[(6,7-dimethoxy-2-methyl-1,2,3,4-tetrahydroisoquinolin-1-yl)methyl]-2-hydroxyphenoxy}-6-hydroxy-2-methyl-1,2,3,4-tetrahydro-2λ⁵-isoquinolin-2-yl)ethan-1-one",n/a,C38H43N2O6,623.312112113,M+Na,+,646.30133,10
646.3079839,HMDB0165994,"1-(7-{3-[(6,7-dihydroxy-2-methyl-1,2,3,4-tetrahydroisoquinolin-1-yl)methyl]phenoxy}-6-methoxy-1-[(4-methoxyphenyl)methyl]-2-methyl-1,2,3,4-tetrahydro-2λ⁵-isoquinolin-2-yl)ethan-1-one",n/a,C38H43N2O6,623.312112113,M+Na,+,646.30133,10
646.3079839,HMDB0160769,"6-{[(2S,15R)-14-{4-[(carboxymethyl)-C-hydroxycarbonimidoyl]butan-2-yl}-2,15-dimethyl-5-oxotetracyclo[8.7.0.0²,⁷.0¹¹,¹⁵]heptadecan-9-yl]oxy}-3,4,5-trihydroxyoxane-2-carboxylic acid",n/a,C32H49NO11,623.330561402,M+Na,+,646.319779,18
646.3079839,HMDB0160767,"6-{[(2S,15R)-14-{4-[(carboxymethyl)-C-hydroxycarbonimidoyl]butan-2-yl}-2,15-dimethyl-9-oxotetracyclo[8.7.0.0²,⁷.0¹¹,¹⁵]heptadecan-5-yl]oxy}-3,4,5-trihydroxyoxane-2-carboxylic acid",n/a,C32H49NO11,623.330561402,M+Na,+,646.319779,18
647.3084952,HMDB0034104,Neferine,n/a,C38H44N2O6,624.31993715,M+Na,+,647.309155,1
647.3084952,HMDB0170752,"6,7-dimethoxy-1-{[3-({6-methoxy-1-[(4-methoxyphenyl)methyl]-2-methyl-1,2,3,4-tetrahydroisoquinolin-7-yl}oxy)phenyl]methyl}-2-methyl-1,2,3,4-tetrahydroisoquinolin-8-ol",n/a,C38H44N2O6,624.319937145,M+Na,+,647.309155,1
647.3084952,HMDB0170753,"7-{3-[(6,7-dimethoxy-2-methyl-1,2,3,4-tetrahydroisoquinolin-1-yl)methyl]phenoxy}-6-methoxy-1-[(4-methoxyphenyl)methyl]-2-methyl-1,2,3,4-tetrahydroisoquinolin-8-ol",n/a,C38H44N2O6,624.319937145,M+Na,+,647.309155,1
647.3084952,HMDB0165403,"6-({15-[1-(4,5-dimethyl-6-oxooxan-2-yl)-1-hydroxyethyl]-6-hydroxy-2,16-dimethyl-3-oxo-8-oxapentacyclo[9.7.0.0²,⁷.0⁷,⁹.0¹²,¹⁶]octadec-4-en-14-yl}oxy)-3,4,5-trihydroxyoxane-2-carboxylic acid",n/a,C34H48O13,664.309491606,M+H-H2O,+,647.306792,3
647.3084952,HMDB0165402,"6-({15-[1-(4,5-dimethyl-6-oxooxan-2-yl)-1-hydroxyethyl]-14-hydroxy-2,16-dimethyl-3-oxo-8-oxapentacyclo[9.7.0.0²,⁷.0⁷,⁹.0¹²,¹⁶]octadec-4-en-6-yl}oxy)-3,4,5-trihydroxyoxane-2-carboxylic acid",n/a,C34H48O13,664.309491606,M+H-H2O,+,647.306792,3
647.3084952,HMDB0165404,"6-(1-{6,14-dihydroxy-2,16-dimethyl-3-oxo-8-oxapentacyclo[9.7.0.0²,⁷.0⁷,⁹.0¹²,¹⁶]octadec-4-en-15-yl}-1-(4,5-dimethyl-6-oxooxan-2-yl)ethoxy)-3,4,5-trihydroxyoxane-2-carboxylic acid",n/a,C34H48O13,664.309491606,M+H-H2O,+,647.306792,3
647.3084952,HMDB0166528,"3,4,5-trihydroxy-6-{[6-hydroxy-15-(1-{2-hydroxy-1,6-dimethyl-3,7-dioxabicyclo[4.1.0]heptan-4-yl}ethyl)-2,16-dimethyl-3-oxo-8-oxapentacyclo[9.7.0.0²,⁷.0⁷,⁹.0¹²,¹⁶]octadec-4-en-13-yl]oxy}oxane-2-carboxylic acid",n/a,C34H48O13,664.309491606,M+H-H2O,+,647.306792,3
647.3084952,HMDB0166529,"3,4,5-trihydroxy-6-{[13-hydroxy-15-(1-{2-hydroxy-1,6-dimethyl-3,7-dioxabicyclo[4.1.0]heptan-4-yl}ethyl)-2,16-dimethyl-3-oxo-8-oxapentacyclo[9.7.0.0²,⁷.0⁷,⁹.0¹²,¹⁶]octadec-4-en-6-yl]oxy}oxane-2-carboxylic acid",n/a,C34H48O13,664.309491606,M+H-H2O,+,647.306792,3
647.3084952,HMDB0173096,"6-({15-[1-(4,5-dimethyl-6-oxooxan-2-yl)-1-hydroxyethyl]-5-hydroxy-10,14-dimethyl-9-oxo-3-oxapentacyclo[9.7.0.0²,⁴.0⁵,¹⁰.0¹⁴,¹⁸]octadec-7-en-18-yl}oxy)-3,4,5-trihydroxyoxane-2-carboxylic acid",n/a,C34H48O13,664.309491606,M+H-H2O,+,647.306792,3
647.3084952,HMDB0173097,"6-(1-{5,18-dihydroxy-10,14-dimethyl-9-oxo-3-oxapentacyclo[9.7.0.0²,⁴.0⁵,¹⁰.0¹⁴,¹⁸]octadec-7-en-15-yl}-1-(4,5-dimethyl-6-oxooxan-2-yl)ethoxy)-3,4,5-trihydroxyoxane-2-carboxylic acid",n/a,C34H48O13,664.309491606,M+H-H2O,+,647.306792,3
647.3084952,HMDB0173095,"6-({15-[1-(4,5-dimethyl-6-oxooxan-2-yl)-1-hydroxyethyl]-18-hydroxy-10,14-dimethyl-9-oxo-3-oxapentacyclo[9.7.0.0²,⁴.0⁵,¹⁰.0¹⁴,¹⁸]octadec-7-en-5-yl}oxy)-3,4,5-trihydroxyoxane-2-carboxylic acid",n/a,C34H48O13,664.309491606,M+H-H2O,+,647.306792,3
647.3084952,HMDB0171551,"6-{[15-(1-{1,6-dimethyl-2-oxo-3,7-dioxabicyclo[4.1.0]heptan-4-yl}-1-hydroxyethyl)-2,16-dimethyl-3-oxo-8-oxapentacyclo[9.7.0.0²,⁷.0⁷,⁹.0¹²,¹⁶]octadecan-6-yl]oxy}-3,4,5-trihydroxyoxane-2-carboxylic acid",n/a,C34H48O13,664.309491606,M+H-H2O,+,647.306792,3
647.3084952,HMDB0171552,"6-(1-{1,6-dimethyl-2-oxo-3,7-dioxabicyclo[4.1.0]heptan-4-yl}-1-{6-hydroxy-2,16-dimethyl-3-oxo-8-oxapentacyclo[9.7.0.0²,⁷.0⁷,⁹.0¹²,¹⁶]octadecan-15-yl}ethoxy)-3,4,5-trihydroxyoxane-2-carboxylic acid",n/a,C34H48O13,664.309491606,M+H-H2O,+,647.306792,3
647.3084952,HMDB0169612,"6-(1-{12,15-dihydroxy-2,16-dimethyl-3-oxo-8-oxapentacyclo[9.7.0.0²,⁷.0⁷,⁹.0¹²,¹⁶]octadecan-15-yl}-1-(4,5-dimethyl-6-oxo-3,6-dihydro-2H-pyran-2-yl)ethoxy)-3,4,5-trihydroxyoxane-2-carboxylic acid",n/a,C34H48O13,664.309491606,M+H-H2O,+,647.306792,3
647.3084952,HMDB0169611,"6-({15-[1-(4,5-dimethyl-6-oxo-3,6-dihydro-2H-pyran-2-yl)-1-hydroxyethyl]-12-hydroxy-2,16-dimethyl-3-oxo-8-oxapentacyclo[9.7.0.0²,⁷.0⁷,⁹.0¹²,¹⁶]octadecan-15-yl}oxy)-3,4,5-trihydroxyoxane-2-carboxylic acid",n/a,C34H48O13,664.309491606,M+H-H2O,+,647.306792,3
647.3084952,HMDB0169610,"6-({15-[1-(4,5-dimethyl-6-oxo-3,6-dihydro-2H-pyran-2-yl)-1-hydroxyethyl]-15-hydroxy-2,16-dimethyl-3-oxo-8-oxapentacyclo[9.7.0.0²,⁷.0⁷,⁹.0¹²,¹⁶]octadecan-12-yl}oxy)-3,4,5-trihydroxyoxane-2-carboxylic acid",n/a,C34H48O13,664.309491606,M+H-H2O,+,647.306792,3
647.3084952,HMDB0167774,"6-({14-[1-(4,5-dimethyl-6-oxooxan-2-yl)-1-hydroxyethyl]-7,9-dihydroxy-2,15-dimethyl-3-oxotetracyclo[8.7.0.0²,⁷.0¹¹,¹⁵]heptadeca-4,8-dien-8-yl}oxy)-3,4,5-trihydroxyoxane-2-carboxylic acid",n/a,C34H48O13,664.309491606,M+H-H2O,+,647.306792,3
647.3084952,HMDB0174559,"6-[1-(4,5-dimethyl-6-oxo-3,6-dihydro-2H-pyran-2-yl)-1-{5-hydroxy-10,14-dimethyl-9-oxo-3-oxapentacyclo[9.7.0.0²,⁴.0⁵,¹⁰.0¹⁴,¹⁸]octadec-7-en-15-yl}ethoxy]-3,4,5-trihydroxyoxane-2-carboxylic acid",n/a,C34H46O12,646.298926921,M+H,+,647.306203,4
647.3084952,HMDB0174558,"6-({15-[1-(4,5-dimethyl-6-oxo-3,6-dihydro-2H-pyran-2-yl)-1-hydroxyethyl]-10,14-dimethyl-9-oxo-3-oxapentacyclo[9.7.0.0²,⁴.0⁵,¹⁰.0¹⁴,¹⁸]octadec-7-en-5-yl}oxy)-3,4,5-trihydroxyoxane-2-carboxylic acid",n/a,C34H46O12,646.298926921,M+H,+,647.306203,4
647.3084952,HMDB0186975,"6-{[(1R,2S,9S,11R,12R,15R,16R)-15-[(1S)-1-[(2R)-4,5-dimethyl-6-oxo-3,6-dihydro-2H-pyran-2-yl]-1-hydroxyethyl]-2,16-dimethyl-3-oxo-8-oxapentacyclo[9.7.0.0²,⁷.0⁷,⁹.0¹²,¹⁶]octadec-4-en-6-yl]oxy}-3,4,5-trihydroxyoxane-2-carboxylic acid",n/a,C34H46O12,646.298926921,M+H,+,647.306203,4
647.3084952,HMDB0186976,"6-[(1R)-1-[(2S)-4,5-dimethyl-6-oxo-3,6-dihydro-2H-pyran-2-yl]-1-[(1S,2R,9R,11S,12S,15S,16S)-6-hydroxy-2,16-dimethyl-3-oxo-8-oxapentacyclo[9.7.0.0²,⁷.0⁷,⁹.0¹²,¹⁶]octadec-4-en-15-yl]ethoxy]-3,4,5-trihydroxyoxane-2-carboxylic acid",n/a,C34H46O12,646.298926921,M+H,+,647.306203,4
647.3084952,HMDB0145615,"(17E,19E)-6-[2-(ethylamino)ethanesulfonyl]-14,21-dihydroxy-11,19-dimethyl-10-(propan-2-yl)-9,26-dioxa-3,15,28-triazatricyclo[23.2.1.0³,⁷]octacosa-1(27),14,17,19,25(28)-pentaene-2,8,23-trione",n/a,C32H48N4O9S,664.314200316,M+H-H2O,+,647.3115,5
647.3084952,HMDB0180065,2-amino-4-({1-[(carboxymethyl)-C-hydroxycarbonimidoyl]-2-({4-hydroxy-9-[(4-hydroxy-3-methoxyphenyl)methoxy]-2-methyl-9-oxononan-3-yl}sulfanyl)ethyl}-C-hydroxycarbonimidoyl)butanoic acid,n/a,C28H43N3O11S,629.261830391,M+NH4,+,647.295653,20
647.3084952,HMDB0180066,2-amino-4-({1-[(carboxymethyl)-C-hydroxycarbonimidoyl]-2-({3-hydroxy-9-[(4-hydroxy-3-methoxyphenyl)methoxy]-2-methyl-9-oxononan-4-yl}sulfanyl)ethyl}-C-hydroxycarbonimidoyl)butanoic acid,n/a,C28H43N3O11S,629.261830391,M+NH4,+,647.295653,20
656.2956219,HMDB0169573,"6-[(3,5-dihydroxy-2-{[(2Z,6E,8E,10E,12Z,14E)-15-hydroxy-2,6,11-trimethylhexadeca-2,4,6,8,10,12,14-heptaenoyl]oxy}-6-(hydroxymethyl)oxan-4-yl)oxy]-3,4,5-trihydroxyoxane-2-carboxylic acid",n/a,C31H42O14,638.257456032,M+NH4,+,656.291279,7
656.2956219,HMDB0169572,"6-[(4,5-dihydroxy-2-{[(2Z,4E,6Z,8E,10E,12Z,14E)-15-hydroxy-2,6,11-trimethylhexadeca-2,4,6,8,10,12,14-heptaenoyl]oxy}-6-(hydroxymethyl)oxan-3-yl)oxy]-3,4,5-trihydroxyoxane-2-carboxylic acid",n/a,C31H42O14,638.257456032,M+NH4,+,656.291279,7
656.2956219,HMDB0169575,"3,4,5-trihydroxy-6-[(3,4,5-trihydroxy-6-{[(2Z,6E,8E,10E,12Z,14E)-15-hydroxy-2,6,11-trimethylhexadeca-2,4,6,8,10,12,14-heptaenoyl]oxy}oxan-2-yl)methoxy]oxane-2-carboxylic acid",n/a,C31H42O14,638.257456032,M+NH4,+,656.291279,7
656.2956219,HMDB0169574,"6-[(4,5-dihydroxy-6-{[(2Z,4E,6E,8E,10E,12Z,14E)-15-hydroxy-2,6,11-trimethylhexadeca-2,4,6,8,10,12,14-heptaenoyl]oxy}-2-(hydroxymethyl)oxan-3-yl)oxy]-3,4,5-trihydroxyoxane-2-carboxylic acid",n/a,C31H42O14,638.257456032,M+NH4,+,656.291279,7
656.2956219,HMDB0177912,"2-amino-4-({1-[(carboxymethyl)-C-hydroxycarbonimidoyl]-2-[(4-{3-hydroxy-7,7a-dimethyl-4'-methylidene-2'-oxo-octahydrospiro[indene-2,3'-oxolane]-4-yloxy}-3-methyl-4-oxobutan-2-yl)sulfanyl]ethyl}-C-hydroxycarbonimidoyl)butanoic acid",n/a,C30H45N3O11S,655.277480455,M+H,+,656.284756,17
656.2956219,HMDB0177909,"2-amino-4-({1-[(carboxymethyl)-C-hydroxycarbonimidoyl]-2-[(4-{4-hydroxy-7,7a-dimethyl-4'-methylidene-2'-oxo-octahydrospiro[indene-2,3'-oxolane]-3-yloxy}-3-methyl-4-oxobutan-2-yl)sulfanyl]ethyl}-C-hydroxycarbonimidoyl)butanoic acid",n/a,C30H45N3O11S,655.277480455,M+H,+,656.284756,17
664.2802289,HMDB0060154,12-Oxo-c-LTB3,n/a,C30H47N3O10S,641.298215429,M+Na,+,664.287433,11
664.2802289,HMDB0013063,S-(PGJ2)-glutathione,n/a,C30H47N3O10S,641.298215429,M+Na,+,664.287433,11
664.2802289,HMDB0013062,S-(PGA2)-glutathione,n/a,C30H47N3O10S,641.298215429,M+Na,+,664.287433,11
664.2802289,HMDB0013058,"S-(9-deoxy-delta9,12-PGD2)-glutathione",n/a,C30H47N3O10S,641.298215429,M+Na,+,664.287433,11
664.2802289,HMDB0184823,(5Z)-7-{5-[2-({2-[(4-amino-4-carboxy-1-hydroxybutylidene)amino]-2-[(carboxymethyl)-C-hydroxycarbonimidoyl]ethyl}sulfanyl)-3-hydroxyoctyl]-4-oxocyclopent-2-en-1-yl}hept-5-enoic acid,n/a,C30H47N3O10S,641.298215899,M+Na,+,664.287434,11
664.2802289,HMDB0030115,Kuwanon V,n/a,C40H38O8,646.256668192,M+NH4,+,664.290491,15
664.2802289,HMDB0040384,Neoacrimarine A,n/a,C40H43NO9,681.293781979,M+H-H2O,+,664.291082,16
1289.600236,HMDB0040881,Theasaponin B1,n/a,C65H94O27,1306.598247802,M+H-H2O,+,1289.595548,4
1289.600236,HMDB0039330,Bersimoside I,n/a,C60H98O28,1266.624462552,M+Na,+,1289.613681,10
1289.600236,HMDB0039414,Congmunoside X,n/a,C60H98O28,1266.624462552,M+Na,+,1289.613681,10
1290.6033,HMDB0035429,Assamsaponin B,n/a,C61H92O28,1272.57751236,M+NH4,+,1290.611335,6
1291.605892,HMDB0038606,"(2S,3S,4S,5R,6R)-6-{[(3S,4S,4aR,6aR,6bS,8aR,9S,10R,12aS,14aR,14bR)-9-{[(2S,3R,4S,5S)-3,5-dihydroxy-4-{[(2S,3R,4S,5S,6R)-3,4,5-trihydroxy-6-(hydroxymethyl)oxan-2-yl]oxy}oxan-2-yl]oxy}-10-hydroxy-4-(hydroxymethyl)-4,6a,6b,8a,11,11,14b-heptamethyl-1,2,3,4,4a,5,6,6a,6b,7,8,8a,9,10,11,12,12a,14,14a,14b-icosahydropicen-3-yl]oxy}-5-{[(2S,3R,4S,5R,6R)-4,5-dihydroxy-6-(hydroxymethyl)-3-{[(2S,3R,4S,5S,6R)-3,4,5-trihydroxy-6-(hydroxymethyl)oxan-2-yl]oxy}oxan-2-yl]oxy}-3,4-dihydroxyoxane-2-carboxylic acid",C08982,C59H96O29,1268.603727071,M+Na,+,1291.592945,10
1291.605892,HMDB0014259,Goserelin,n/a,C59H84N18O14,1268.641439486,M+Na,+,1291.630657,19
