"Query","Match","HMDB","PubChem","KEGG","SMILES","Comment"
"HMDB0166738","NA","NA","NA","NA","NA","0"
"HMDB0164724","NA","NA","NA","NA","NA","0"
"HMDB0165094","NA","NA","NA","NA","NA","0"
"HMDB0165096","NA","NA","NA","NA","NA","0"
"HMDB0165095","NA","NA","NA","NA","NA","0"
"HMDB0165097","NA","NA","NA","NA","NA","0"
"HMDB0166737","NA","NA","NA","NA","NA","0"
"HMDB0031484","2-Heptenoic acid","HMDB0031484","5282709",NA,"CCCC/C=C/C(=O)O","1"
"HMDB0038962","NA","NA","NA","NA","NA","0"
"HMDB0031500","Methyl 2E-hexenoate","HMDB0031500","5364409",NA,"CCC/C=C/C(=O)OC","1"
"HMDB0166739","NA","NA","NA","NA","NA","0"
"HMDB0029314","Isopentenyl acetate","HMDB0029314","14489",NA,"CC(=CCOC(=O)C)C","1"
"HMDB0031477","3,4-Heptanedione","HMDB0031477","83671",NA,"CCCC(=O)C(=O)CC","1"
"HMDB0031476","2,3-Heptanedione","HMDB0031476","60983",NA,"CCCCC(=O)C(=O)C","1"
"HMDB0031504","Methyl (Z)-3-hexenoate","HMDB0031504","5362819",NA,"CC/C=C\CC(=O)OC","1"
"HMDB0031603","Ethyl 4-pentenoate","HMDB0031603","74786",NA,"CCOC(=O)CCC=C","1"
"HMDB0040214","NA","NA","NA","NA","NA","0"
"HMDB0031342","Cyclohexanecarboxylic acid","HMDB0031342","7413","C09822","C1CCC(CC1)C(=O)O","1"
"HMDB0038271","NA","NA","NA","NA","NA","0"
"HMDB0031174","4-Methyl-5-hexanolide","HMDB0031174","544628",NA,"CC1CCC(=O)OC1C","1"
"HMDB0031681","Dihydro-5-propyl-2(3H)-furanone","HMDB0031681","7742",NA,"CCCC1CCC(=O)O1","1"
"HMDB0033793","4-Heptenoic acid","HMDB0033793","5312595",NA,"CC/C=C\CCC(=O)O","1"
"HMDB0031593","5-Methyl-2,3-hexanedione","HMDB0031593","26204",NA,"CC(C)CC(=O)C(=O)C","1"
"HMDB0039819","NA","NA","NA","NA","NA","0"
"HMDB0166736","NA","NA","NA","NA","NA","0"
"HMDB0173760","NA","NA","NA","NA","NA","0"
"HMDB0173761","NA","NA","NA","NA","NA","0"
"HMDB0173762","NA","NA","NA","NA","NA","0"
"HMDB0173763","NA","NA","NA","NA","NA","0"
"HMDB0180322","NA","NA","NA","NA","NA","0"
"HMDB0180323","NA","NA","NA","NA","NA","0"
"HMDB0029165","1,3-Diacetylpropane","HMDB0029165","100532",NA,"CC(=O)CCCC(=O)C","1"
"HMDB0031351","Cyclohexyl formate","HMDB0031351","20358",NA,"C1CCC(CC1)OC=O","1"
"HMDB0032460","4-Pentenyl acetate","HMDB0032460","74096",NA,"CC(=O)OCCCC=C","1"
"HMDB0032391","3-Methyl-3-butenyl acetate","HMDB0032391","78879",NA,"CC(=C)CCOC(=O)C","1"
"HMDB0030330","1-Methoxy-3-methylene-2-pentanone","HMDB0030330","13932051",NA,"CCC(=C)C(=O)COC","1"
"HMDB0059876","NA","NA","NA","NA","NA","0"
"HMDB0040591","NA","NA","NA","NA","NA","0"
"HMDB0145113","NA","NA","NA","NA","NA","0"
"HMDB0145114","NA","NA","NA","NA","NA","0"
"HMDB0145115","NA","NA","NA","NA","NA","0"
"HMDB0145125","NA","NA","NA","NA","NA","0"
"HMDB0145116","NA","NA","NA","NA","NA","0"
"HMDB0094649","2-Amino-heptanoic acid","HMDB0094649","5312965",NA,"CCCCC[C@H](N)C(O)=O","1"
"HMDB0001161","4-Trimethylammoniobutanoic acid","HMDB0001161","134","C01181","C[N+](C)(C)CCCC(=O)O","1"
"HMDB0006831","3-Dehydroxycarnitine","HMDB0006831","725","C05543	","C[N+](C)(C)CCCC(=O)[O-]","1"
"HMDB0000895","Acetylcholine","HMDB0000895","6060","C01996","CC(=O)OCC[N+](C)(C)C","1"
"HMDB0013811","1-Nitroheptane","HMDB0013811",NA,NA,"CCCCCCC[N+](O)=O","1"
"HMDB0060747","NA","NA","NA","NA","NA","0"
"HMDB0011754","Methyldopa","HMDB0011754","38853","C07194","C[C@](CC1=CC(=C(C=C1)O)O)(C(=O)O)N","1"
"HMDB0001434","3-Methoxytyrosine","HMDB0001434","1670",NA,"COC1=C(C=CC(=C1)CC(C(=O)O)N)O","1"
"HMDB0125096","NA","NA","NA","NA","NA","0"
"HMDB0125588","NA","NA","NA","NA","NA","0"
"HMDB0166608","NA","NA","NA","NA","NA","0"
"HMDB0125524","NA","NA","NA","NA","NA","0"
"HMDB0142175","NA","NA","NA","NA","NA","0"
"HMDB0141263","NA","NA","NA","NA","NA","0"
"HMDB0141265","NA","NA","NA","NA","NA","0"
"HMDB0140957","NA","NA","NA","NA","NA","0"
"HMDB0137510","NA","NA","NA","NA","NA","0"
"HMDB0131171","NA","NA","NA","NA","NA","0"
"HMDB0131172","NA","NA","NA","NA","NA","0"
"HMDB0131173","NA","NA","NA","NA","NA","0"
"HMDB0131137","NA","NA","NA","NA","NA","0"
"HMDB0146403","NA","NA","NA","NA","NA","0"
"HMDB0146628","NA","NA","NA","NA","NA","0"
"HMDB0146629","NA","NA","NA","NA","NA","0"
"HMDB0178262","NA","NA","NA","NA","NA","0"
"HMDB0166614","NA","NA","NA","NA","NA","0"
"HMDB0166613","NA","NA","NA","NA","NA","0"
"HMDB0166609","NA","NA","NA","NA","NA","0"
"HMDB0166611","NA","NA","NA","NA","NA","0"
"HMDB0166607","NA","NA","NA","NA","NA","0"
"HMDB0154365","NA","NA","NA","NA","NA","0"
"HMDB0146630","NA","NA","NA","NA","NA","0"
"HMDB0127500","NA","NA","NA","NA","NA","0"
"HMDB0032652","Meconine","HMDB0032652","68437",NA,"COC1=C(C2=C(COC2=O)C=C1)OC","1"
"HMDB0061686","NA","NA","NA","NA","NA","0"
"HMDB0059721","NA","NA","NA","NA","NA","0"
"HMDB0165533","NA","NA","NA","NA","NA","0"
"HMDB0240705","NA","NA","NA","NA","NA","0"
"HMDB0032614","Piperonyl acetate","HMDB0032614","9473",NA,"CC(=O)OCC1=CC2=C(C=C1)OCO2","1"
"HMDB0029663","Vanillin acetate","HMDB0029663","61229",NA,"CC(=O)OC1=C(C=C(C=C1)C=O)OC","1"
"HMDB0135741","NA","NA","NA","NA","NA","0"
"HMDB0037644","NA","NA","NA","NA","NA","0"
"HMDB0002120","Monoethyl phthalate","HMDB0002120","75318",NA,"CCOC(=O)C1=CC=CC=C1C(=O)O","1"
"HMDB0000955","Isoferulic acid","HMDB0000955","736186","C10470","COC1=C(C=C(C=C1)/C=C/C(=O)O)O","1"
"HMDB0000954","trans-Ferulic acid","HMDB0000954","445858","C01494","COC1=C(C=CC(=C1)/C=C/C(=O)O)O","1"
"HMDB0134088","NA","NA","NA","NA","NA","0"
"HMDB0039606","NA","NA","NA","NA","NA","0"
"HMDB0030765","(-)-trans-3,4-Dihydro-4,8-dihydroxy-3-methyl-1H-2-benzopyran-1-one","HMDB0030765","169539",NA,"CC1C(C2=C(C(=CC=C2)O)C(=O)O1)O","1"
"HMDB0036604","NA","NA","NA","NA","NA","0"
"HMDB0240627","NA","NA","NA","NA","NA","0"
"HMDB0094722","NA","NA","NA","NA","NA","0"
"HMDB0062181","NA","NA","NA","NA","NA","0"
"HMDB0094719","NA","NA","NA","NA","NA","0"
"HMDB0094718","NA","NA","NA","NA","NA","0"
"HMDB0094720","NA","NA","NA","NA","NA","0"
"HMDB0094721","NA","NA","NA","NA","NA","0"
"HMDB0014991","Temozolomide","HMDB0014991","5394",NA,"CN1C(=O)N2C=NC(=C2N=N1)C(=O)N","1"
"HMDB0166750","NA","NA","NA","NA","NA","0"
"HMDB0175186","NA","NA","NA","NA","NA","0"
"HMDB0061189","NA","NA","NA","NA","NA","0"
"HMDB0062555","hydroxyisovaleroyl carnitine","HMDB0062555","57357187",NA,"CC(C)CC(=O)OC(O)(CC([O-])=O)C[N+](C)(C)C","1"
"HMDB0240421","NA","NA","NA","NA","NA","0"
"HMDB0040904","NA","NA","NA","NA","NA","0"
"HMDB0168550","NA","NA","NA","NA","NA","0"
"HMDB0168551","NA","NA","NA","NA","NA","0"
"HMDB0168552","NA","NA","NA","NA","NA","0"
"HMDB0168553","NA","NA","NA","NA","NA","0"
"HMDB0168554","NA","NA","NA","NA","NA","0"
"HMDB0168549","NA","NA","NA","NA","NA","0"
"HMDB0137260","NA","NA","NA","NA","NA","0"
"HMDB0137271","NA","NA","NA","NA","NA","0"
"HMDB0030974","8-Acetoxy-4-acoren-3-one","HMDB0030974","85288994",NA,"CC(C)C1C(CC(C)C11CC=C(C)C(=O)C1)OC(C)=O","1"
"HMDB0031928","Panaxytriol","HMDB0031928","93484","C16792","CCCCCCCC(C(CC#CC#CC(C=C)O)O)O","1"
"HMDB0030801","1-(4-Hydroxy-3-methoxyphenyl)-3-decanone","HMDB0030801","94378","C10482","CCCCCCCC(=O)CCC1=CC(=C(C=C1)O)OC","1"
"HMDB0039251","NA","NA","NA","NA","NA","0"
"HMDB0134775","NA","NA","NA","NA","NA","0"
"HMDB0038798","NA","NA","NA","NA","NA","0"
"HMDB0035075","Tanacetol B","HMDB0035075","131751660",NA,"CC(=O)O\C1=C(C)\CCC(CC(O)C(=C)CC1)C(C)(C)O","1"
"HMDB0060952","NA","NA","NA","NA","NA","0"
"HMDB0014521","Palonosetron","HMDB0014521","148211",NA,"C1C[C@H]2CN(C(=O)C3=C2C(=CC=C3)C1)[C@@H]4CN5CCC4CC5","1"
"HMDB0030283","Hydrocinchonine","HMDB0030283","101711",NA,"CCC1CN2CCC1CC2C(C3=CC=NC4=CC=CC=C34)O","1"
"HMDB0037839","NA","NA","NA","NA","NA","0"
"HMDB0029089","Tryptophyl-Methionine","HMDB0029089","7020173",NA,"CSCCC(NC(=O)C(N)CC1=CNC2=C1C=CC=C2)C(O)=O","1"
"HMDB0028984","Methionyl-Tryptophan","HMDB0028984","3080870",NA,"CSCCC(N)C(=O)NC(CC1=CNC2=CC=CC=C12)C(O)=O","1"
"HMDB0000489","Aspartylglycosamine","HMDB0000489","123826","C04540","CC(=O)N[C@@H]1[C@H]([C@@H]([C@H](O[C@H]1NC(=O)C[C@@H](C(=O)O)N)CO)O)O","1"
"HMDB0136315","NA","NA","NA","NA","NA","0"
"HMDB0136311","NA","NA","NA","NA","NA","0"
"HMDB0136314","NA","NA","NA","NA","NA","0"
"HMDB0136313","NA","NA","NA","NA","NA","0"
"HMDB0136316","NA","NA","NA","NA","NA","0"
"HMDB0005037","Sumatriptan","HMDB0005037","5358","C07319","CNS(=O)(=O)CC1=CC2=C(C=C1)NC=C2CCN(C)C","1"
"HMDB0153675","NA","NA","NA","NA","NA","0"
"HMDB0153676","NA","NA","NA","NA","NA","0"
"HMDB0151629","NA","NA","NA","NA","NA","0"
"HMDB0151909","NA","NA","NA","NA","NA","0"
"HMDB0153670","NA","NA","NA","NA","NA","0"
"HMDB0153672","NA","NA","NA","NA","NA","0"
"HMDB0153671","NA","NA","NA","NA","NA","0"
"HMDB0153674","NA","NA","NA","NA","NA","0"
"HMDB0146373","NA","NA","NA","NA","NA","0"
"HMDB0140280","NA","NA","NA","NA","NA","0"
"HMDB0136509","NA","NA","NA","NA","NA","0"
"HMDB0130773","NA","NA","NA","NA","NA","0"
"HMDB0130772","NA","NA","NA","NA","NA","0"
"HMDB0130769","NA","NA","NA","NA","NA","0"
"HMDB0130768","NA","NA","NA","NA","NA","0"
"HMDB0130580","NA","NA","NA","NA","NA","0"
"HMDB0138454","NA","NA","NA","NA","NA","0"
"HMDB0130574","NA","NA","NA","NA","NA","0"
"HMDB0130573","NA","NA","NA","NA","NA","0"
"HMDB0130576","NA","NA","NA","NA","NA","0"
"HMDB0130899","NA","NA","NA","NA","NA","0"
"HMDB0132853","NA","NA","NA","NA","NA","0"
"HMDB0134815","NA","NA","NA","NA","NA","0"
"HMDB0133983","NA","NA","NA","NA","NA","0"
"HMDB0133985","NA","NA","NA","NA","NA","0"
"HMDB0133980","NA","NA","NA","NA","NA","0"
"HMDB0133300","NA","NA","NA","NA","NA","0"
"HMDB0133299","NA","NA","NA","NA","NA","0"
"HMDB0132915","NA","NA","NA","NA","NA","0"
"HMDB0132911","NA","NA","NA","NA","NA","0"
"HMDB0132909","NA","NA","NA","NA","NA","0"
"HMDB0130569","NA","NA","NA","NA","NA","0"
"HMDB0130570","NA","NA","NA","NA","NA","0"
"HMDB0130578","NA","NA","NA","NA","NA","0"
"HMDB0146408","NA","NA","NA","NA","NA","0"
"HMDB0146435","NA","NA","NA","NA","NA","0"
"HMDB0147284","NA","NA","NA","NA","NA","0"
"HMDB0147288","NA","NA","NA","NA","NA","0"
"HMDB0150246","NA","NA","NA","NA","NA","0"
"HMDB0150244","NA","NA","NA","NA","NA","0"
"HMDB0151165","NA","NA","NA","NA","NA","0"
"HMDB0146372","NA","NA","NA","NA","NA","0"
"HMDB0130397","NA","NA","NA","NA","NA","0"
"HMDB0130393","NA","NA","NA","NA","NA","0"
"HMDB0130373","NA","NA","NA","NA","NA","0"
"HMDB0130370","NA","NA","NA","NA","NA","0"
"HMDB0130369","NA","NA","NA","NA","NA","0"
"HMDB0128539","NA","NA","NA","NA","NA","0"
"HMDB0126073","NA","NA","NA","NA","NA","0"
"HMDB0140838","NA","NA","NA","NA","NA","0"
"HMDB0140839","NA","NA","NA","NA","NA","0"
"HMDB0151166","NA","NA","NA","NA","NA","0"
"HMDB0130571","NA","NA","NA","NA","NA","0"
"HMDB0030875","2',4-Dihydroxy-4',6'-dimethoxychalcone","HMDB0030875","6293081",NA,"COC1=CC(=C(C(=C1)OC)C(=O)/C=C/C2=CC=C(C=C2)O)O","1"
"HMDB0033861","3-Hydroxy-2,9-dimethoxypterocarpan","HMDB0033861","12218868",NA,"COC1=CC2=C(C=C1)C3COC4=CC(=C(C=C4C3O2)OC)O","1"
"HMDB0034116","Homopisatin","HMDB0034116","627142",NA,"COC1=CC2=C(C=C1)C3C(CO2)(C4=C(O3)C=C(C=C4)OC)O","1"
"HMDB0033142","Melilotocarpan A","HMDB0033142","4484393","C00542","COC1=CC2=C(C=C1)C3COC4=C(C3O2)C=CC(=C4O)OC","1"
"HMDB0041321","NA","NA","NA","NA","NA","0"
"HMDB0038812","NA","NA","NA","NA","NA","0"
"HMDB0033292","8-Hydroxy-3,9-dimethoxypterocarpan","HMDB0033292","454891",NA,"COC1=CC2=C(C=C1)C3C(CO2)C4=CC(=C(C=C4O3)OC)O","1"
"HMDB0031421","Heliannone B","HMDB0031421","10851748",NA,"COC1=C(C2=C(C=C1)C(=O)CC(O2)C3=CC=C(C=C3)O)OC","1"
"HMDB0038110","NA","NA","NA","NA","NA","0"
"HMDB0034008","Methylnissolin","HMDB0034008","5319733",NA,"COC1=C(C2=C(C=C1)C3COC4=C(C3O2)C=CC(=C4)O)OC","1"
"HMDB0031705","Heliannone A","HMDB0031705","5357345",NA,"COC1=C(C(=C(C=C1)C(=O)/C=C/C2=CC=C(C=C2)O)O)OC","1"
"HMDB0041322","NA","NA","NA","NA","NA","0"
"HMDB0034001","3-Hydroxy-4,9-dimethoxypterocarpan","HMDB0034001","14077265",NA,"COC1=CC2=C(C=C1)C3COC4=C(C3O2)C=CC(=C4OC)O","1"
"HMDB0130378","NA","NA","NA","NA","NA","0"
"HMDB0140279","NA","NA","NA","NA","NA","0"
"HMDB0130568","NA","NA","NA","NA","NA","0"
"HMDB0140278","NA","NA","NA","NA","NA","0"
"HMDB0030341","Piplartine","HMDB0030341","637858","C10166","COC1=CC(=CC(=C1OC)OC)/C=C/C(=O)N2CCC=CC2=O","1"
"HMDB0137020","NA","NA","NA","NA","NA","0"
"HMDB0137023","NA","NA","NA","NA","NA","0"
"HMDB0137024","NA","NA","NA","NA","NA","0"
"HMDB0137022","NA","NA","NA","NA","NA","0"
"HMDB0137025","NA","NA","NA","NA","NA","0"
"HMDB0137027","NA","NA","NA","NA","NA","0"
"HMDB0137026","NA","NA","NA","NA","NA","0"
"HMDB0137021","NA","NA","NA","NA","NA","0"
"HMDB0136330","NA","NA","NA","NA","NA","0"
"HMDB0136329","NA","NA","NA","NA","NA","0"
"HMDB0136327","NA","NA","NA","NA","NA","0"
"HMDB0136328","NA","NA","NA","NA","NA","0"
"HMDB0136326","NA","NA","NA","NA","NA","0"
"HMDB0136325","NA","NA","NA","NA","NA","0"
"HMDB0185679","NA","NA","NA","NA","NA","0"
"HMDB0185658","NA","NA","NA","NA","NA","0"
"HMDB0185694","NA","NA","NA","NA","NA","0"
"HMDB0185682","NA","NA","NA","NA","NA","0"
"HMDB0185676","NA","NA","NA","NA","NA","0"
"HMDB0185661","NA","NA","NA","NA","NA","0"
"HMDB0185673","NA","NA","NA","NA","NA","0"
"HMDB0185698","NA","NA","NA","NA","NA","0"
"HMDB0185670","NA","NA","NA","NA","NA","0"
"HMDB0185667","NA","NA","NA","NA","NA","0"
"HMDB0185664","NA","NA","NA","NA","NA","0"
"HMDB0179611","NA","NA","NA","NA","NA","0"
"HMDB0179614","NA","NA","NA","NA","NA","0"
"HMDB0179608","NA","NA","NA","NA","NA","0"
"HMDB0179615","NA","NA","NA","NA","NA","0"
"HMDB0179605","NA","NA","NA","NA","NA","0"
"HMDB0179606","NA","NA","NA","NA","NA","0"
"HMDB0179618","NA","NA","NA","NA","NA","0"
"HMDB0179619","NA","NA","NA","NA","NA","0"
"HMDB0179623","NA","NA","NA","NA","NA","0"
"HMDB0179626","NA","NA","NA","NA","NA","0"
"HMDB0182175","NA","NA","NA","NA","NA","0"
"HMDB0179627","NA","NA","NA","NA","NA","0"
"HMDB0182176","NA","NA","NA","NA","NA","0"
"HMDB0014334","Bortezomib","HMDB0014334","387447",NA,"B([C@H](CC(C)C)NC(=O)[C@H](CC1=CC=CC=C1)NC(=O)C2=NC=CN=C2)(O)O","1"
"HMDB0061005","NA","NA","NA","NA","NA","0"
"HMDB0060583","NA","NA","NA","NA","NA","0"
"HMDB0030868","Citreoviridin A","HMDB0030868","45934448",NA,"COC1=CC(=O)OC(\C=C/C=C/C=C\C(\C)=C\C2(C)OC(C)C(C)(O)C2O)=C1C","1"
"HMDB0030523","Citreoviridin C","HMDB0030523","131751044",NA,"COC1=C(C)C(=O)OC(\C=C/C=C/C=C\C(\C)=C\C2(C)OC(C)C(C)(O)C2O)=C1","1"
"HMDB0036462","NA","NA","NA","NA","NA","0"
"HMDB0035027","Melleolide F","HMDB0035027","14166118",NA,"CC1=CC(O)=CC(O)=C1C(=O)OC1CC2(C)C3CC(C)(C)CC3C=C(CO)C12O","1"
"HMDB0035774","Armillyl orsellinate","HMDB0035774","14707323",NA,"CC1=CC(O)=CC(O)=C1C(=O)OC1CC2(C)C3CC(C)(C)CC3C(O)C(CO)=C12","1"
"HMDB0015459","Cortisone acetate","HMDB0015459","5745","C08173","CC(=O)OCC(=O)[C@]1(CC[C@@H]2[C@@]1(CC(=O)[C@H]3[C@H]2CCC4=CC(=O)CC[C@]34C)C)O","1"
"HMDB0038917","NA","NA","NA","NA","NA","0"
"HMDB0031380","(6beta,7alpha,12beta,13beta)-7-Hydroxy-11,16-dioxo-8,14-apianadien-22,6-olide","HMDB0031380","73880583",NA,"CC(C)C12C(C(C)=CC1=O)C1=C(C2=O)C23CCCC(C)(C)C2C(OC3=O)C1O","1"
"HMDB0179899","NA","NA","NA","NA","NA","0"
"HMDB0179900","NA","NA","NA","NA","NA","0"
"HMDB0179898","NA","NA","NA","NA","NA","0"
"HMDB0179897","NA","NA","NA","NA","NA","0"
"HMDB0179895","NA","NA","NA","NA","NA","0"
"HMDB0179894","NA","NA","NA","NA","NA","0"
"HMDB0179893","NA","NA","NA","NA","NA","0"
"HMDB0179896","NA","NA","NA","NA","NA","0"
"HMDB0002126","27-Nor-5b-cholestane-3a,7a,12a,24,25-pentol","HMDB0002126","21252278",NA,"C[C@H](CCC(C(C)O)O)[C@H]1CC[C@@H]2[C@@]1([C@H](C[C@H]3[C@H]2[C@@H](C[C@H]4[C@@]3(CC[C@H](C4)O)C)O)O)C","1"
"HMDB0036883","NA","NA","NA","NA","NA","0"
"HMDB0175472","NA","NA","NA","NA","NA","0"
"HMDB0170465","NA","NA","NA","NA","NA","0"
"HMDB0167392","NA","NA","NA","NA","NA","0"
"HMDB0170466","NA","NA","NA","NA","NA","0"
"HMDB0030180","Crustecdysone","HMDB0030180","271605","C02633","CC12CCC3C(=CC(=O)C4C3(CC(C(C4)O)O)C)C1(CCC2C(C)(C(CCC(C)(C)O)O)O)O","1"
"HMDB0170469","NA","NA","NA","NA","NA","0"
"HMDB0170467","NA","NA","NA","NA","NA","0"
"HMDB0170468","NA","NA","NA","NA","NA","0"
"HMDB0240232","NA","NA","NA","NA","NA","0"
"HMDB0171796","NA","NA","NA","NA","NA","0"
"HMDB0171795","NA","NA","NA","NA","NA","0"
"HMDB0171797","NA","NA","NA","NA","NA","0"
"HMDB0171798","NA","NA","NA","NA","NA","0"
"HMDB0170648","NA","NA","NA","NA","NA","0"
"HMDB0170654","NA","NA","NA","NA","NA","0"
"HMDB0170645","NA","NA","NA","NA","NA","0"
"HMDB0170653","NA","NA","NA","NA","NA","0"
"HMDB0170658","NA","NA","NA","NA","NA","0"
"HMDB0170657","NA","NA","NA","NA","NA","0"
"HMDB0170656","NA","NA","NA","NA","NA","0"
"HMDB0170649","NA","NA","NA","NA","NA","0"
"HMDB0170652","NA","NA","NA","NA","NA","0"
"HMDB0170647","NA","NA","NA","NA","NA","0"
"HMDB0170646","NA","NA","NA","NA","NA","0"
"HMDB0170655","NA","NA","NA","NA","NA","0"
"HMDB0158633","NA","NA","NA","NA","NA","0"
"HMDB0158234","NA","NA","NA","NA","NA","0"
"HMDB0158235","NA","NA","NA","NA","NA","0"
"HMDB0158642","NA","NA","NA","NA","NA","0"
"HMDB0158238","NA","NA","NA","NA","NA","0"
"HMDB0158621","NA","NA","NA","NA","NA","0"
"HMDB0158636","NA","NA","NA","NA","NA","0"
"HMDB0158629","NA","NA","NA","NA","NA","0"
"HMDB0158625","NA","NA","NA","NA","NA","0"
"HMDB0158226","NA","NA","NA","NA","NA","0"
"HMDB0158231","NA","NA","NA","NA","NA","0"
"HMDB0158228","NA","NA","NA","NA","NA","0"
"HMDB0157580","NA","NA","NA","NA","NA","0"
"HMDB0158210","NA","NA","NA","NA","NA","0"
"HMDB0158213","NA","NA","NA","NA","NA","0"
"HMDB0158219","NA","NA","NA","NA","NA","0"
"HMDB0158216","NA","NA","NA","NA","NA","0"
"HMDB0158221","NA","NA","NA","NA","NA","0"
"HMDB0158223","NA","NA","NA","NA","NA","0"
"HMDB0158225","NA","NA","NA","NA","NA","0"
"HMDB0158639","NA","NA","NA","NA","NA","0"
"HMDB0158646","NA","NA","NA","NA","NA","0"
"HMDB0158643","NA","NA","NA","NA","NA","0"
"HMDB0169111","NA","NA","NA","NA","NA","0"
"HMDB0171254","NA","NA","NA","NA","NA","0"
"HMDB0171269","NA","NA","NA","NA","NA","0"
"HMDB0171253","NA","NA","NA","NA","NA","0"
"HMDB0171257","NA","NA","NA","NA","NA","0"
"HMDB0171258","NA","NA","NA","NA","NA","0"
"HMDB0171264","NA","NA","NA","NA","NA","0"
"HMDB0171268","NA","NA","NA","NA","NA","0"
"HMDB0171273","NA","NA","NA","NA","NA","0"
"HMDB0171272","NA","NA","NA","NA","NA","0"
"HMDB0169110","NA","NA","NA","NA","NA","0"
"HMDB0169105","NA","NA","NA","NA","NA","0"
"HMDB0169108","NA","NA","NA","NA","NA","0"
"HMDB0158650","NA","NA","NA","NA","NA","0"
"HMDB0158654","NA","NA","NA","NA","NA","0"
"HMDB0158656","NA","NA","NA","NA","NA","0"
"HMDB0158660","NA","NA","NA","NA","NA","0"
"HMDB0169095","NA","NA","NA","NA","NA","0"
"HMDB0169099","NA","NA","NA","NA","NA","0"
"HMDB0169097","NA","NA","NA","NA","NA","0"
"HMDB0169101","NA","NA","NA","NA","NA","0"
"HMDB0169103","NA","NA","NA","NA","NA","0"
"HMDB0169107","NA","NA","NA","NA","NA","0"
"HMDB0033412","Gibberellin A20 13-glucoside","HMDB0033412","14258563",NA,"CC12CCCC3(OC1=O)C1CCC4(CC1(CC4=C)C(C23)C(O)=O)OC1OC(CO)C(O)C(O)C1O","1"
"HMDB0037084","NA","NA","NA","NA","NA","0"
"HMDB0038610","NA","NA","NA","NA","NA","0"
"HMDB0171261","NA","NA","NA","NA","NA","0"
"HMDB0015181","Fluocinonide","HMDB0015181","9642","C07007","CC(=O)OCC(=O)[C@@]12[C@@H](C[C@@H]3[C@@]1(C[C@@H]([C@]4([C@H]3C[C@@H](C5=CC(=O)C=C[C@@]54C)F)F)O)C)OC(O2)(C)C","1"
"HMDB0140090","NA","NA","NA","NA","NA","0"
"HMDB0033177","Sapiol","HMDB0033177","185639",NA,"CCCCCCCCCCCCCCCCCCCCCCCCCCCCCCCCCCO","1"
"HMDB0038738","NA","NA","NA","NA","NA","0"
"HMDB0157582","NA","NA","NA","NA","NA","0"
"HMDB0179952","NA","NA","NA","NA","NA","0"
"HMDB0179953","NA","NA","NA","NA","NA","0"
"HMDB0174900","NA","NA","NA","NA","NA","0"
"HMDB0167227","NA","NA","NA","NA","NA","0"
"HMDB0167180","NA","NA","NA","NA","NA","0"
"HMDB0035700","Lucidenic acid J","HMDB0035700","131751851",NA,"CC(CCC(O)=O)C1CC(=O)C2(C)C3=C(C(=O)C(O)C12C)C1(C)CCC(O)C(C)(CO)C1CC3=O","1"
"HMDB0167212","NA","NA","NA","NA","NA","0"
"HMDB0167174","NA","NA","NA","NA","NA","0"
"HMDB0167200","NA","NA","NA","NA","NA","0"
"HMDB0167223","NA","NA","NA","NA","NA","0"
"HMDB0167220","NA","NA","NA","NA","NA","0"
"HMDB0167217","NA","NA","NA","NA","NA","0"
"HMDB0167216","NA","NA","NA","NA","NA","0"
"HMDB0167195","NA","NA","NA","NA","NA","0"
"HMDB0167213","NA","NA","NA","NA","NA","0"
"HMDB0167206","NA","NA","NA","NA","NA","0"
"HMDB0167209","NA","NA","NA","NA","NA","0"
"HMDB0167203","NA","NA","NA","NA","NA","0"
"HMDB0167186","NA","NA","NA","NA","NA","0"
"HMDB0167183","NA","NA","NA","NA","NA","0"
"HMDB0167177","NA","NA","NA","NA","NA","0"
"HMDB0167189","NA","NA","NA","NA","NA","0"
"HMDB0167192","NA","NA","NA","NA","NA","0"
"HMDB0167196","NA","NA","NA","NA","NA","0"
"HMDB0167197","NA","NA","NA","NA","NA","0"
"HMDB0173045","NA","NA","NA","NA","NA","0"
"HMDB0015393","Darunavir","HMDB0015393","213039",NA,"CC(C)CN(C[C@H]([C@H](CC1=CC=CC=C1)NC(=O)O[C@H]2CO[C@@H]3[C@H]2CCO3)O)S(=O)(=O)C4=CC=C(C=C4)N","1"
"HMDB0168629","NA","NA","NA","NA","NA","0"
"HMDB0168628","NA","NA","NA","NA","NA","0"
"HMDB0161739","NA","NA","NA","NA","NA","0"
"HMDB0161740","NA","NA","NA","NA","NA","0"
"HMDB0011491","LysoPE(0:0/22:1(13Z))","HMDB0011491","53480940",NA,"CCCCCCCC/C=C\CCCCCCCCCCCC(=O)O[C@H](CO)COP(=O)(O)OCCN","1"
"HMDB0011521","LysoPE(22:1(13Z)/0:0)","HMDB0011521","53480953",NA,"CCCCCCCC/C=C\CCCCCCCCCCCC(=O)OC[C@H](COP(=O)(O)OCCN)O","1"
"HMDB0166691","NA","NA","NA","NA","NA","0"
"HMDB0183450","NA","NA","NA","NA","NA","0"
"HMDB0183448","NA","NA","NA","NA","NA","0"
"HMDB0183454","NA","NA","NA","NA","NA","0"
"HMDB0183392","NA","NA","NA","NA","NA","0"
"HMDB0184230","NA","NA","NA","NA","NA","0"
"HMDB0184231","NA","NA","NA","NA","NA","0"
"HMDB0184233","NA","NA","NA","NA","NA","0"
"HMDB0184235","NA","NA","NA","NA","NA","0"
"HMDB0184236","NA","NA","NA","NA","NA","0"
"HMDB0184261","NA","NA","NA","NA","NA","0"
"HMDB0183451","NA","NA","NA","NA","NA","0"
"HMDB0183395","NA","NA","NA","NA","NA","0"
"HMDB0183394","NA","NA","NA","NA","NA","0"
"HMDB0183374","NA","NA","NA","NA","NA","0"
"HMDB0183376","NA","NA","NA","NA","NA","0"
"HMDB0183377","NA","NA","NA","NA","NA","0"
"HMDB0183378","NA","NA","NA","NA","NA","0"
"HMDB0183380","NA","NA","NA","NA","NA","0"
"HMDB0183379","NA","NA","NA","NA","NA","0"
"HMDB0183382","NA","NA","NA","NA","NA","0"
"HMDB0183384","NA","NA","NA","NA","NA","0"
"HMDB0183386","NA","NA","NA","NA","NA","0"
"HMDB0171784","NA","NA","NA","NA","NA","0"
"HMDB0171783","NA","NA","NA","NA","NA","0"
"HMDB0035943","Cyclopassifloic acid A","HMDB0035943","73800244",NA,"CC(C)C(O)(CO)CC(O)C(C)C1CCC2(C)C3CCC4C5(CC35CCC12C)C(O)CC(O)C4(C)C(O)=O","1"
"HMDB0033635","Cyclotricuspidogenin C","HMDB0033635","73801615",NA,"CC(C)C(O)(CO)CCC(C)C1C(O)CC2(C)C3CCC4C5(CC35CCC12C)C(O)CC(O)C4(C)C(O)=O","1"
"HMDB0035945","Cyclopassifloic acid C","HMDB0035945","73800246",NA,"CC(C)C(O)(CO)CCC(C)(O)C1CCC2(C)C3CCC4C5(CC35CCC12C)C(O)CC(O)C4(C)C(O)=O","1"
"HMDB0015079","Demecarium","HMDB0015079","5966",NA,"CN(CCCCCCCCCCN(C)C(=O)OC1=CC=CC(=C1)[N+](C)(C)C)C(=O)OC2=CC=CC(=C2)[N+](C)(C)C","1"
"HMDB0061700","NA","NA","NA","NA","NA","0"
"HMDB0062711","NA","NA","NA","NA","NA","0"
"HMDB0010386","LysoPC(18:2(9Z,12Z))","HMDB0010386","11005824","C04230","CCCCC/C=C\C/C=C\CCCCCCCC(=O)OC[C@H](COP(=O)([O-])OCC[N+](C)(C)C)O","1"
"HMDB0184827","NA","NA","NA","NA","NA","0"
"HMDB0062478","NA","NA","NA","NA","NA","0"
"HMDB0060155","NA","NA","NA","NA","NA","0"
"HMDB0013061","S-(PGA1)-glutathione","HMDB0013061","53481601",NA,"CCCCCC(/C=C/[C@H]1C(CC(=O)C1CCCCCCC(=O)O)SC[C@@H](C(=O)NCC(=O)O)NC(=O)CC[C@@H](C(=O)O)N)O","1"
"HMDB0013060","S-(9-hydroxy-PGA2)-glutathione","HMDB0013060","53481600",NA,"CCCCC[C@@H](/C=C/[C@H]1[C@H](C(CC1SC[C@H](C(=O)NCC(=O)O)NC(=O)CC[C@H](C(=O)O)N)O)C/C=C\CCCC(=O)O)O","1"
"HMDB0013057","S-(9-deoxy-delta12-PGD2)-glutathione","HMDB0013057","53481597",NA,"CCCCC[C@@H](CC([C@@H]1[C@H](CCC1=O)C/C=C\CCCC(=O)O)SC[C@H](C(=O)NCC(=O)O)NC(=O)CC[C@H](C(=O)O)N)O","1"
"HMDB0013056","S-(11-OH-9-deoxy-delta9,12-PGD2)-glutathione","HMDB0013056","53481596",NA,"CCCCC[C@@H](C/C=C/1\[C@@H](C(CC1O)SC[C@@H](C(=O)NCC(=O)O)NC(=O)CC[C@H](C(=O)O)N)C/C=C\CCCC(=O)O)O","1"
"HMDB0183885","NA","NA","NA","NA","NA","0"
"HMDB0183879","NA","NA","NA","NA","NA","0"
"HMDB0183878","NA","NA","NA","NA","NA","0"
"HMDB0183884","NA","NA","NA","NA","NA","0"
"HMDB0001198","Leukotriene C4","HMDB0001198","5283134","C02166","CCCCC/C=C\C/C=C\C=C\C=C\[C@H]([C@H](CCCC(=O)O)O)SC[C@@H](C(=O)NCC(=O)O)NC(=O)CC[C@@H](C(=O)O)N","1"
"HMDB0183882","NA","NA","NA","NA","NA","0"
"HMDB0005095","11-trans-Leukotriene C4","HMDB0005095","5283134","C02166","CCCCC/C=C\C/C=C/C=C/C=C/[C@H]([C@H](CCCC(=O)O)O)SC[C@@H](C(=O)NCC(=O)O)NC(=O)CC[C@@H](C(=O)O)N","1"
"HMDB0183888","NA","NA","NA","NA","NA","0"
"HMDB0183887","NA","NA","NA","NA","NA","0"
"HMDB0183881","NA","NA","NA","NA","NA","0"
"HMDB0178719","NA","NA","NA","NA","NA","0"
"HMDB0178728","NA","NA","NA","NA","NA","0"
"HMDB0178720","NA","NA","NA","NA","NA","0"
"HMDB0178718","NA","NA","NA","NA","NA","0"
"HMDB0178717","NA","NA","NA","NA","NA","0"
"HMDB0178729","NA","NA","NA","NA","NA","0"
"HMDB0178730","NA","NA","NA","NA","NA","0"
"HMDB0178727","NA","NA","NA","NA","NA","0"
"HMDB0160619","NA","NA","NA","NA","NA","0"
"HMDB0160620","NA","NA","NA","NA","NA","0"
"HMDB0160617","NA","NA","NA","NA","NA","0"
"HMDB0160616","NA","NA","NA","NA","NA","0"
"HMDB0173931","NA","NA","NA","NA","NA","0"
"HMDB0173932","NA","NA","NA","NA","NA","0"
"HMDB0014351","Reserpine","HMDB0014351","5770","C06539","CO[C@H]1[C@@H](C[C@@H]2CN3CCC4=C([C@H]3C[C@@H]2[C@@H]1C(=O)OC)NC5=C4C=CC(=C5)OC)OC(=O)C6=CC(=C(C(=C6)OC)OC)OC","1"
"HMDB0030172","Oxyacanthine","HMDB0030172","371257","C09598","CN1CCC2=CC(=C(C3=C2C1CC4=CC=C(C=C4)OC5=C(C=CC(=C5)CC6C7=CC(=C(C=C7CCN6C)OC)O3)O)OC)OC","1"
"HMDB0015330","Tubocurarine","HMDB0015330","6000","C07547","CN1CCC2=CC(=C3C=C2[C@@H]1CC4=CC=C(C=C4)OC5=C6[C@@H](CC7=CC(=C(C=C7)O)O3)[N+](CCC6=CC(=C5O)OC)(C)C)OC","1"
"HMDB0061667","NA","NA","NA","NA","NA","0"
"HMDB0061671","NA","NA","NA","NA","NA","0"
"HMDB0112234","NA","NA","NA","NA","NA","0"
"HMDB0112220","NA","NA","NA","NA","NA","0"
"HMDB0177552","NA","NA","NA","NA","NA","0"
"HMDB0177551","NA","NA","NA","NA","NA","0"
"HMDB0177553","NA","NA","NA","NA","NA","0"
"HMDB0177554","NA","NA","NA","NA","NA","0"
"HMDB0040155","NA","NA","NA","NA","NA","0"
"HMDB0039887","NA","NA","NA","NA","NA","0"
"HMDB0166973","NA","NA","NA","NA","NA","0"
"HMDB0099701","NA","NA","NA","NA","NA","0"
"HMDB0100257","NA","NA","NA","NA","NA","0"
"HMDB0100256","NA","NA","NA","NA","NA","0"
"HMDB0100259","NA","NA","NA","NA","NA","0"
"HMDB0100936","NA","NA","NA","NA","NA","0"
"HMDB0100935","NA","NA","NA","NA","NA","0"
"HMDB0100937","NA","NA","NA","NA","NA","0"
"HMDB0100938","NA","NA","NA","NA","NA","0"
"HMDB0100939","NA","NA","NA","NA","NA","0"
"HMDB0100940","NA","NA","NA","NA","NA","0"
"HMDB0101013","NA","NA","NA","NA","NA","0"
"HMDB0101011","NA","NA","NA","NA","NA","0"
"HMDB0101012","NA","NA","NA","NA","NA","0"
"HMDB0101010","NA","NA","NA","NA","NA","0"
"HMDB0101014","NA","NA","NA","NA","NA","0"
"HMDB0101015","NA","NA","NA","NA","NA","0"
"HMDB0101107","NA","NA","NA","NA","NA","0"
"HMDB0100258","NA","NA","NA","NA","NA","0"
"HMDB0071838","NA","NA","NA","NA","NA","0"
"HMDB0099980","NA","NA","NA","NA","NA","0"
"HMDB0099703","NA","NA","NA","NA","NA","0"
"HMDB0099702","NA","NA","NA","NA","NA","0"
"HMDB0099704","NA","NA","NA","NA","NA","0"
"HMDB0099707","NA","NA","NA","NA","NA","0"
"HMDB0099705","NA","NA","NA","NA","NA","0"
"HMDB0099706","NA","NA","NA","NA","NA","0"
"HMDB0099710","NA","NA","NA","NA","NA","0"
"HMDB0099711","NA","NA","NA","NA","NA","0"
"HMDB0099708","NA","NA","NA","NA","NA","0"
"HMDB0099709","NA","NA","NA","NA","NA","0"
"HMDB0099712","NA","NA","NA","NA","NA","0"
"HMDB0099975","NA","NA","NA","NA","NA","0"
"HMDB0099976","NA","NA","NA","NA","NA","0"
"HMDB0099978","NA","NA","NA","NA","NA","0"
"HMDB0099977","NA","NA","NA","NA","NA","0"
"HMDB0099979","NA","NA","NA","NA","NA","0"
"HMDB0101106","NA","NA","NA","NA","NA","0"
"HMDB0101108","NA","NA","NA","NA","NA","0"
"HMDB0101293","NA","NA","NA","NA","NA","0"
"HMDB0101290","NA","NA","NA","NA","NA","0"
"HMDB0101292","NA","NA","NA","NA","NA","0"
"HMDB0101291","NA","NA","NA","NA","NA","0"
"HMDB0101294","NA","NA","NA","NA","NA","0"
"HMDB0101297","NA","NA","NA","NA","NA","0"
"HMDB0101295","NA","NA","NA","NA","NA","0"
"HMDB0101296","NA","NA","NA","NA","NA","0"
"HMDB0101298","NA","NA","NA","NA","NA","0"
"HMDB0101300","NA","NA","NA","NA","NA","0"
"HMDB0101301","NA","NA","NA","NA","NA","0"
"HMDB0101299","NA","NA","NA","NA","NA","0"
"HMDB0101302","NA","NA","NA","NA","NA","0"
"HMDB0101304","NA","NA","NA","NA","NA","0"
"HMDB0101303","NA","NA","NA","NA","NA","0"
"HMDB0101305","NA","NA","NA","NA","NA","0"
"HMDB0101289","NA","NA","NA","NA","NA","0"
"HMDB0101288","NA","NA","NA","NA","NA","0"
"HMDB0101287","NA","NA","NA","NA","NA","0"
"HMDB0101110","NA","NA","NA","NA","NA","0"
"HMDB0101109","NA","NA","NA","NA","NA","0"
"HMDB0101111","NA","NA","NA","NA","NA","0"
"HMDB0101114","NA","NA","NA","NA","NA","0"
"HMDB0101112","NA","NA","NA","NA","NA","0"
"HMDB0101113","NA","NA","NA","NA","NA","0"
"HMDB0101115","NA","NA","NA","NA","NA","0"
"HMDB0101116","NA","NA","NA","NA","NA","0"
"HMDB0101117","NA","NA","NA","NA","NA","0"
"HMDB0101281","NA","NA","NA","NA","NA","0"
"HMDB0101280","NA","NA","NA","NA","NA","0"
"HMDB0101282","NA","NA","NA","NA","NA","0"
"HMDB0101285","NA","NA","NA","NA","NA","0"
"HMDB0101284","NA","NA","NA","NA","NA","0"
"HMDB0101283","NA","NA","NA","NA","NA","0"
"HMDB0101286","NA","NA","NA","NA","NA","0"
"HMDB0101306","NA","NA","NA","NA","NA","0"
"HMDB0097388","NA","NA","NA","NA","NA","0"
"HMDB0097627","NA","NA","NA","NA","NA","0"
"HMDB0097628","NA","NA","NA","NA","NA","0"
"HMDB0098047","NA","NA","NA","NA","NA","0"
"HMDB0098046","NA","NA","NA","NA","NA","0"
"HMDB0098051","NA","NA","NA","NA","NA","0"
"HMDB0098048","NA","NA","NA","NA","NA","0"
"HMDB0098050","NA","NA","NA","NA","NA","0"
"HMDB0098049","NA","NA","NA","NA","NA","0"
"HMDB0098388","NA","NA","NA","NA","NA","0"
"HMDB0098391","NA","NA","NA","NA","NA","0"
"HMDB0098389","NA","NA","NA","NA","NA","0"
"HMDB0098390","NA","NA","NA","NA","NA","0"
"HMDB0098392","NA","NA","NA","NA","NA","0"
"HMDB0098393","NA","NA","NA","NA","NA","0"
"HMDB0099211","NA","NA","NA","NA","NA","0"
"HMDB0099209","NA","NA","NA","NA","NA","0"
"HMDB0097626","NA","NA","NA","NA","NA","0"
"HMDB0097624","NA","NA","NA","NA","NA","0"
"HMDB0097625","NA","NA","NA","NA","NA","0"
"HMDB0097389","NA","NA","NA","NA","NA","0"
"HMDB0097390","NA","NA","NA","NA","NA","0"
"HMDB0097391","NA","NA","NA","NA","NA","0"
"HMDB0097392","NA","NA","NA","NA","NA","0"
"HMDB0097395","NA","NA","NA","NA","NA","0"
"HMDB0097394","NA","NA","NA","NA","NA","0"
"HMDB0097393","NA","NA","NA","NA","NA","0"
"HMDB0097396","NA","NA","NA","NA","NA","0"
"HMDB0097397","NA","NA","NA","NA","NA","0"
"HMDB0097619","NA","NA","NA","NA","NA","0"
"HMDB0097617","NA","NA","NA","NA","NA","0"
"HMDB0097618","NA","NA","NA","NA","NA","0"
"HMDB0097620","NA","NA","NA","NA","NA","0"
"HMDB0097621","NA","NA","NA","NA","NA","0"
"HMDB0097622","NA","NA","NA","NA","NA","0"
"HMDB0097623","NA","NA","NA","NA","NA","0"
"HMDB0099210","NA","NA","NA","NA","NA","0"
"HMDB0099212","NA","NA","NA","NA","NA","0"
"HMDB0099454","NA","NA","NA","NA","NA","0"
"HMDB0099455","NA","NA","NA","NA","NA","0"
"HMDB0099456","NA","NA","NA","NA","NA","0"
"HMDB0099457","NA","NA","NA","NA","NA","0"
"HMDB0099459","NA","NA","NA","NA","NA","0"
"HMDB0099458","NA","NA","NA","NA","NA","0"
"HMDB0099463","NA","NA","NA","NA","NA","0"
"HMDB0099460","NA","NA","NA","NA","NA","0"
"HMDB0099461","NA","NA","NA","NA","NA","0"
"HMDB0099462","NA","NA","NA","NA","NA","0"
"HMDB0099464","NA","NA","NA","NA","NA","0"
"HMDB0099599","NA","NA","NA","NA","NA","0"
"HMDB0099600","NA","NA","NA","NA","NA","0"
"HMDB0099602","NA","NA","NA","NA","NA","0"
"HMDB0099603","NA","NA","NA","NA","NA","0"
"HMDB0099601","NA","NA","NA","NA","NA","0"
"HMDB0099453","NA","NA","NA","NA","NA","0"
"HMDB0099337","NA","NA","NA","NA","NA","0"
"HMDB0099338","NA","NA","NA","NA","NA","0"
"HMDB0099259","NA","NA","NA","NA","NA","0"
"HMDB0099261","NA","NA","NA","NA","NA","0"
"HMDB0099260","NA","NA","NA","NA","NA","0"
"HMDB0099263","NA","NA","NA","NA","NA","0"
"HMDB0099262","NA","NA","NA","NA","NA","0"
"HMDB0099264","NA","NA","NA","NA","NA","0"
"HMDB0099327","NA","NA","NA","NA","NA","0"
"HMDB0099328","NA","NA","NA","NA","NA","0"
"HMDB0099329","NA","NA","NA","NA","NA","0"
"HMDB0099331","NA","NA","NA","NA","NA","0"
"HMDB0099330","NA","NA","NA","NA","NA","0"
"HMDB0099332","NA","NA","NA","NA","NA","0"
"HMDB0099333","NA","NA","NA","NA","NA","0"
"HMDB0099335","NA","NA","NA","NA","NA","0"
"HMDB0099334","NA","NA","NA","NA","NA","0"
"HMDB0099336","NA","NA","NA","NA","NA","0"
"HMDB0099604","NA","NA","NA","NA","NA","0"
"HMDB0105231","NA","NA","NA","NA","NA","0"
"HMDB0105396","NA","NA","NA","NA","NA","0"
"HMDB0105395","NA","NA","NA","NA","NA","0"
"HMDB0105830","NA","NA","NA","NA","NA","0"
"HMDB0105832","NA","NA","NA","NA","NA","0"
"HMDB0105831","NA","NA","NA","NA","NA","0"
"HMDB0105834","NA","NA","NA","NA","NA","0"
"HMDB0105833","NA","NA","NA","NA","NA","0"
"HMDB0105835","NA","NA","NA","NA","NA","0"
"HMDB0106274","NA","NA","NA","NA","NA","0"
"HMDB0106275","NA","NA","NA","NA","NA","0"
"HMDB0106276","NA","NA","NA","NA","NA","0"
"HMDB0106278","NA","NA","NA","NA","NA","0"
"HMDB0106277","NA","NA","NA","NA","NA","0"
"HMDB0106279","NA","NA","NA","NA","NA","0"
"HMDB0107824","NA","NA","NA","NA","NA","0"
"HMDB0107825","NA","NA","NA","NA","NA","0"
"HMDB0105397","NA","NA","NA","NA","NA","0"
"HMDB0105393","NA","NA","NA","NA","NA","0"
"HMDB0105394","NA","NA","NA","NA","NA","0"
"HMDB0105232","NA","NA","NA","NA","NA","0"
"HMDB0105233","NA","NA","NA","NA","NA","0"
"HMDB0105235","NA","NA","NA","NA","NA","0"
"HMDB0105306","NA","NA","NA","NA","NA","0"
"HMDB0105305","NA","NA","NA","NA","NA","0"
"HMDB0105309","NA","NA","NA","NA","NA","0"
"HMDB0105308","NA","NA","NA","NA","NA","0"
"HMDB0105307","NA","NA","NA","NA","NA","0"
"HMDB0105310","NA","NA","NA","NA","NA","0"
"HMDB0105386","NA","NA","NA","NA","NA","0"
"HMDB0105387","NA","NA","NA","NA","NA","0"
"HMDB0105390","NA","NA","NA","NA","NA","0"
"HMDB0105389","NA","NA","NA","NA","NA","0"
"HMDB0105388","NA","NA","NA","NA","NA","0"
"HMDB0105391","NA","NA","NA","NA","NA","0"
"HMDB0105392","NA","NA","NA","NA","NA","0"
"HMDB0107826","NA","NA","NA","NA","NA","0"
"HMDB0107827","NA","NA","NA","NA","NA","0"
"HMDB0108348","NA","NA","NA","NA","NA","0"
"HMDB0109549","NA","NA","NA","NA","NA","0"
"HMDB0109550","NA","NA","NA","NA","NA","0"
"HMDB0109551","NA","NA","NA","NA","NA","0"
"HMDB0109552","NA","NA","NA","NA","NA","0"
"HMDB0109602","NA","NA","NA","NA","NA","0"
"HMDB0109599","NA","NA","NA","NA","NA","0"
"HMDB0109601","NA","NA","NA","NA","NA","0"
"HMDB0109600","NA","NA","NA","NA","NA","0"
"HMDB0109659","NA","NA","NA","NA","NA","0"
"HMDB0109662","NA","NA","NA","NA","NA","0"
"HMDB0109660","NA","NA","NA","NA","NA","0"
"HMDB0109661","NA","NA","NA","NA","NA","0"
"HMDB0109955","NA","NA","NA","NA","NA","0"
"HMDB0109956","NA","NA","NA","NA","NA","0"
"HMDB0109958","NA","NA","NA","NA","NA","0"
"HMDB0108347","NA","NA","NA","NA","NA","0"
"HMDB0108346","NA","NA","NA","NA","NA","0"
"HMDB0108349","NA","NA","NA","NA","NA","0"
"HMDB0107829","NA","NA","NA","NA","NA","0"
"HMDB0107828","NA","NA","NA","NA","NA","0"
"HMDB0107874","NA","NA","NA","NA","NA","0"
"HMDB0107876","NA","NA","NA","NA","NA","0"
"HMDB0107878","NA","NA","NA","NA","NA","0"
"HMDB0107875","NA","NA","NA","NA","NA","0"
"HMDB0107877","NA","NA","NA","NA","NA","0"
"HMDB0107879","NA","NA","NA","NA","NA","0"
"HMDB0108054","NA","NA","NA","NA","NA","0"
"HMDB0108052","NA","NA","NA","NA","NA","0"
"HMDB0108053","NA","NA","NA","NA","NA","0"
"HMDB0108055","NA","NA","NA","NA","NA","0"
"HMDB0108057","NA","NA","NA","NA","NA","0"
"HMDB0108056","NA","NA","NA","NA","NA","0"
"HMDB0108344","NA","NA","NA","NA","NA","0"
"HMDB0108345","NA","NA","NA","NA","NA","0"
"HMDB0109957","NA","NA","NA","NA","NA","0"
"HMDB0101527","NA","NA","NA","NA","NA","0"
"HMDB0102355","NA","NA","NA","NA","NA","0"
"HMDB0102357","NA","NA","NA","NA","NA","0"
"HMDB0102356","NA","NA","NA","NA","NA","0"
"HMDB0102358","NA","NA","NA","NA","NA","0"
"HMDB0103501","NA","NA","NA","NA","NA","0"
"HMDB0103500","NA","NA","NA","NA","NA","0"
"HMDB0103504","NA","NA","NA","NA","NA","0"
"HMDB0103502","NA","NA","NA","NA","NA","0"
"HMDB0103503","NA","NA","NA","NA","NA","0"
"HMDB0103505","NA","NA","NA","NA","NA","0"
"HMDB0103550","NA","NA","NA","NA","NA","0"
"HMDB0103551","NA","NA","NA","NA","NA","0"
"HMDB0103552","NA","NA","NA","NA","NA","0"
"HMDB0103553","NA","NA","NA","NA","NA","0"
"HMDB0103554","NA","NA","NA","NA","NA","0"
"HMDB0103555","NA","NA","NA","NA","NA","0"
"HMDB0102354","NA","NA","NA","NA","NA","0"
"HMDB0102353","NA","NA","NA","NA","NA","0"
"HMDB0101932","NA","NA","NA","NA","NA","0"
"HMDB0101526","NA","NA","NA","NA","NA","0"
"HMDB0101528","NA","NA","NA","NA","NA","0"
"HMDB0101529","NA","NA","NA","NA","NA","0"
"HMDB0101530","NA","NA","NA","NA","NA","0"
"HMDB0101531","NA","NA","NA","NA","NA","0"
"HMDB0101534","NA","NA","NA","NA","NA","0"
"HMDB0101533","NA","NA","NA","NA","NA","0"
"HMDB0101532","NA","NA","NA","NA","NA","0"
"HMDB0101536","NA","NA","NA","NA","NA","0"
"HMDB0101535","NA","NA","NA","NA","NA","0"
"HMDB0101537","NA","NA","NA","NA","NA","0"
"HMDB0101930","NA","NA","NA","NA","NA","0"
"HMDB0101929","NA","NA","NA","NA","NA","0"
"HMDB0101928","NA","NA","NA","NA","NA","0"
"HMDB0101933","NA","NA","NA","NA","NA","0"
"HMDB0101931","NA","NA","NA","NA","NA","0"
"HMDB0103608","NA","NA","NA","NA","NA","0"
"HMDB0103612","NA","NA","NA","NA","NA","0"
"HMDB0103732","NA","NA","NA","NA","NA","0"
"HMDB0103734","NA","NA","NA","NA","NA","0"
"HMDB0103735","NA","NA","NA","NA","NA","0"
"HMDB0104014","NA","NA","NA","NA","NA","0"
"HMDB0104015","NA","NA","NA","NA","NA","0"
"HMDB0104016","NA","NA","NA","NA","NA","0"
"HMDB0104018","NA","NA","NA","NA","NA","0"
"HMDB0104017","NA","NA","NA","NA","NA","0"
"HMDB0104019","NA","NA","NA","NA","NA","0"
"HMDB0104275","NA","NA","NA","NA","NA","0"
"HMDB0104278","NA","NA","NA","NA","NA","0"
"HMDB0104276","NA","NA","NA","NA","NA","0"
"HMDB0104277","NA","NA","NA","NA","NA","0"
"HMDB0104279","NA","NA","NA","NA","NA","0"
"HMDB0104280","NA","NA","NA","NA","NA","0"
"HMDB0105230","NA","NA","NA","NA","NA","0"
"HMDB0103733","NA","NA","NA","NA","NA","0"
"HMDB0103731","NA","NA","NA","NA","NA","0"
"HMDB0103730","NA","NA","NA","NA","NA","0"
"HMDB0103609","NA","NA","NA","NA","NA","0"
"HMDB0103610","NA","NA","NA","NA","NA","0"
"HMDB0103611","NA","NA","NA","NA","NA","0"
"HMDB0103613","NA","NA","NA","NA","NA","0"
"HMDB0103616","NA","NA","NA","NA","NA","0"
"HMDB0103615","NA","NA","NA","NA","NA","0"
"HMDB0103614","NA","NA","NA","NA","NA","0"
"HMDB0103617","NA","NA","NA","NA","NA","0"
"HMDB0103618","NA","NA","NA","NA","NA","0"
"HMDB0103619","NA","NA","NA","NA","NA","0"
"HMDB0103724","NA","NA","NA","NA","NA","0"
"HMDB0103725","NA","NA","NA","NA","NA","0"
"HMDB0103727","NA","NA","NA","NA","NA","0"
"HMDB0103726","NA","NA","NA","NA","NA","0"
"HMDB0103728","NA","NA","NA","NA","NA","0"
"HMDB0103729","NA","NA","NA","NA","NA","0"
"HMDB0105234","NA","NA","NA","NA","NA","0"
"HMDB0071940","NA","NA","NA","NA","NA","0"
"HMDB0072157","NA","NA","NA","NA","NA","0"
"HMDB0072188","NA","NA","NA","NA","NA","0"
"HMDB0072197","NA","NA","NA","NA","NA","0"
"HMDB0072209","NA","NA","NA","NA","NA","0"
"HMDB0072238","NA","NA","NA","NA","NA","0"
"HMDB0072246","NA","NA","NA","NA","NA","0"
"HMDB0072249","NA","NA","NA","NA","NA","0"
"HMDB0072265","NA","NA","NA","NA","NA","0"
"HMDB0072286","NA","NA","NA","NA","NA","0"
"HMDB0072287","NA","NA","NA","NA","NA","0"
"HMDB0072293","NA","NA","NA","NA","NA","0"
"HMDB0072316","NA","NA","NA","NA","NA","0"
"HMDB0072320","NA","NA","NA","NA","NA","0"
"HMDB0072336","NA","NA","NA","NA","NA","0"
"HMDB0072364","NA","NA","NA","NA","NA","0"
"HMDB0072368","NA","NA","NA","NA","NA","0"
"HMDB0072153","NA","NA","NA","NA","NA","0"
"HMDB0072143","NA","NA","NA","NA","NA","0"
"HMDB0071965","NA","NA","NA","NA","NA","0"
"HMDB0071966","NA","NA","NA","NA","NA","0"
"HMDB0071983","NA","NA","NA","NA","NA","0"
"HMDB0071989","NA","NA","NA","NA","NA","0"
"HMDB0071990","NA","NA","NA","NA","NA","0"
"HMDB0071997","NA","NA","NA","NA","NA","0"
"HMDB0072012","NA","NA","NA","NA","NA","0"
"HMDB0072022","NA","NA","NA","NA","NA","0"
"HMDB0072035","NA","NA","NA","NA","NA","0"
"HMDB0072064","NA","NA","NA","NA","NA","0"
"HMDB0072076","NA","NA","NA","NA","NA","0"
"HMDB0072090","NA","NA","NA","NA","NA","0"
"HMDB0072117","NA","NA","NA","NA","NA","0"
"HMDB0072124","NA","NA","NA","NA","NA","0"
"HMDB0072141","NA","NA","NA","NA","NA","0"
"HMDB0072142","NA","NA","NA","NA","NA","0"
"HMDB0072385","NA","NA","NA","NA","NA","0"
"HMDB0072408","NA","NA","NA","NA","NA","0"
"HMDB0072718","NA","NA","NA","NA","NA","0"
"HMDB0072747","NA","NA","NA","NA","NA","0"
"HMDB0072804","NA","NA","NA","NA","NA","0"
"HMDB0072825","NA","NA","NA","NA","NA","0"
"HMDB0072832","NA","NA","NA","NA","NA","0"
"HMDB0094865","NA","NA","NA","NA","NA","0"
"HMDB0094866","NA","NA","NA","NA","NA","0"
"HMDB0094870","NA","NA","NA","NA","NA","0"
"HMDB0094867","NA","NA","NA","NA","NA","0"
"HMDB0094868","NA","NA","NA","NA","NA","0"
"HMDB0094869","NA","NA","NA","NA","NA","0"
"HMDB0094918","NA","NA","NA","NA","NA","0"
"HMDB0094917","NA","NA","NA","NA","NA","0"
"HMDB0094919","NA","NA","NA","NA","NA","0"
"HMDB0094988","NA","NA","NA","NA","NA","0"
"HMDB0094992","NA","NA","NA","NA","NA","0"
"HMDB0072644","NA","NA","NA","NA","NA","0"
"HMDB0072642","NA","NA","NA","NA","NA","0"
"HMDB0072410","NA","NA","NA","NA","NA","0"
"HMDB0072422","NA","NA","NA","NA","NA","0"
"HMDB0072438","NA","NA","NA","NA","NA","0"
"HMDB0072442","NA","NA","NA","NA","NA","0"
"HMDB0072451","NA","NA","NA","NA","NA","0"
"HMDB0072470","NA","NA","NA","NA","NA","0"
"HMDB0072496","NA","NA","NA","NA","NA","0"
"HMDB0072501","NA","NA","NA","NA","NA","0"
"HMDB0072532","NA","NA","NA","NA","NA","0"
"HMDB0072534","NA","NA","NA","NA","NA","0"
"HMDB0072536","NA","NA","NA","NA","NA","0"
"HMDB0072549","NA","NA","NA","NA","NA","0"
"HMDB0072563","NA","NA","NA","NA","NA","0"
"HMDB0072597","NA","NA","NA","NA","NA","0"
"HMDB0072609","NA","NA","NA","NA","NA","0"
"HMDB0072607","NA","NA","NA","NA","NA","0"
"HMDB0094990","NA","NA","NA","NA","NA","0"
"HMDB0094920","NA","NA","NA","NA","NA","0"
"HMDB0065069","NA","NA","NA","NA","NA","0"
"HMDB0065114","NA","NA","NA","NA","NA","0"
"HMDB0065342","NA","NA","NA","NA","NA","0"
"HMDB0065682","NA","NA","NA","NA","NA","0"
"HMDB0065826","NA","NA","NA","NA","NA","0"
"HMDB0065952","NA","NA","NA","NA","NA","0"
"HMDB0065955","NA","NA","NA","NA","NA","0"
"HMDB0066219","NA","NA","NA","NA","NA","0"
"HMDB0066300","NA","NA","NA","NA","NA","0"
"HMDB0069739","NA","NA","NA","NA","NA","0"
"HMDB0071120","NA","NA","NA","NA","NA","0"
"HMDB0071134","NA","NA","NA","NA","NA","0"
"HMDB0071167","NA","NA","NA","NA","NA","0"
"HMDB0071170","NA","NA","NA","NA","NA","0"
"HMDB0071171","NA","NA","NA","NA","NA","0"
"HMDB0071183","NA","NA","NA","NA","NA","0"
"HMDB0065009","NA","NA","NA","NA","NA","0"
"HMDB0064992","NA","NA","NA","NA","NA","0"
"HMDB0062962","NA","NA","NA","NA","NA","0"
"HMDB0063275","NA","NA","NA","NA","NA","0"
"HMDB0063341","NA","NA","NA","NA","NA","0"
"HMDB0063426","NA","NA","NA","NA","NA","0"
"HMDB0063610","NA","NA","NA","NA","NA","0"
"HMDB0063687","NA","NA","NA","NA","NA","0"
"HMDB0064065","NA","NA","NA","NA","NA","0"
"HMDB0064153","NA","NA","NA","NA","NA","0"
"HMDB0064175","NA","NA","NA","NA","NA","0"
"HMDB0064236","NA","NA","NA","NA","NA","0"
"HMDB0064416","NA","NA","NA","NA","NA","0"
"HMDB0064499","NA","NA","NA","NA","NA","0"
"HMDB0064579","NA","NA","NA","NA","NA","0"
"HMDB0064593","NA","NA","NA","NA","NA","0"
"HMDB0064788","NA","NA","NA","NA","NA","0"
"HMDB0064975","NA","NA","NA","NA","NA","0"
"HMDB0071229","NA","NA","NA","NA","NA","0"
"HMDB0071265","NA","NA","NA","NA","NA","0"
"HMDB0071627","NA","NA","NA","NA","NA","0"
"HMDB0071675","NA","NA","NA","NA","NA","0"
"HMDB0071692","NA","NA","NA","NA","NA","0"
"HMDB0071701","NA","NA","NA","NA","NA","0"
"HMDB0071717","NA","NA","NA","NA","NA","0"
"HMDB0071721","NA","NA","NA","NA","NA","0"
"HMDB0071749","NA","NA","NA","NA","NA","0"
"HMDB0071787","NA","NA","NA","NA","NA","0"
"HMDB0071811","NA","NA","NA","NA","NA","0"
"HMDB0071862","NA","NA","NA","NA","NA","0"
"HMDB0071865","NA","NA","NA","NA","NA","0"
"HMDB0071863","NA","NA","NA","NA","NA","0"
"HMDB0071878","NA","NA","NA","NA","NA","0"
"HMDB0071881","NA","NA","NA","NA","NA","0"
"HMDB0071912","NA","NA","NA","NA","NA","0"
"HMDB0071920","NA","NA","NA","NA","NA","0"
"HMDB0071620","NA","NA","NA","NA","NA","0"
"HMDB0071549","NA","NA","NA","NA","NA","0"
"HMDB0071266","NA","NA","NA","NA","NA","0"
"HMDB0071267","NA","NA","NA","NA","NA","0"
"HMDB0071289","NA","NA","NA","NA","NA","0"
"HMDB0071349","NA","NA","NA","NA","NA","0"
"HMDB0071348","NA","NA","NA","NA","NA","0"
"HMDB0071394","NA","NA","NA","NA","NA","0"
"HMDB0071405","NA","NA","NA","NA","NA","0"
"HMDB0071435","NA","NA","NA","NA","NA","0"
"HMDB0071446","NA","NA","NA","NA","NA","0"
"HMDB0071468","NA","NA","NA","NA","NA","0"
"HMDB0071478","NA","NA","NA","NA","NA","0"
"HMDB0071486","NA","NA","NA","NA","NA","0"
"HMDB0071495","NA","NA","NA","NA","NA","0"
"HMDB0071504","NA","NA","NA","NA","NA","0"
"HMDB0071528","NA","NA","NA","NA","NA","0"
"HMDB0071539","NA","NA","NA","NA","NA","0"
"HMDB0071924","NA","NA","NA","NA","NA","0"
"HMDB0096157","NA","NA","NA","NA","NA","0"
"HMDB0096818","NA","NA","NA","NA","NA","0"
"HMDB0096819","NA","NA","NA","NA","NA","0"
"HMDB0096816","NA","NA","NA","NA","NA","0"
"HMDB0096820","NA","NA","NA","NA","NA","0"
"HMDB0096821","NA","NA","NA","NA","NA","0"
"HMDB0096822","NA","NA","NA","NA","NA","0"
"HMDB0096981","NA","NA","NA","NA","NA","0"
"HMDB0096982","NA","NA","NA","NA","NA","0"
"HMDB0096983","NA","NA","NA","NA","NA","0"
"HMDB0096987","NA","NA","NA","NA","NA","0"
"HMDB0096985","NA","NA","NA","NA","NA","0"
"HMDB0096984","NA","NA","NA","NA","NA","0"
"HMDB0096986","NA","NA","NA","NA","NA","0"
"HMDB0096991","NA","NA","NA","NA","NA","0"
"HMDB0096990","NA","NA","NA","NA","NA","0"
"HMDB0096988","NA","NA","NA","NA","NA","0"
"HMDB0096817","NA","NA","NA","NA","NA","0"
"HMDB0096814","NA","NA","NA","NA","NA","0"
"HMDB0096623","NA","NA","NA","NA","NA","0"
"HMDB0096622","NA","NA","NA","NA","NA","0"
"HMDB0096624","NA","NA","NA","NA","NA","0"
"HMDB0096625","NA","NA","NA","NA","NA","0"
"HMDB0096627","NA","NA","NA","NA","NA","0"
"HMDB0096626","NA","NA","NA","NA","NA","0"
"HMDB0096703","NA","NA","NA","NA","NA","0"
"HMDB0096700","NA","NA","NA","NA","NA","0"
"HMDB0096701","NA","NA","NA","NA","NA","0"
"HMDB0096702","NA","NA","NA","NA","NA","0"
"HMDB0096705","NA","NA","NA","NA","NA","0"
"HMDB0096704","NA","NA","NA","NA","NA","0"
"HMDB0096811","NA","NA","NA","NA","NA","0"
"HMDB0096813","NA","NA","NA","NA","NA","0"
"HMDB0096812","NA","NA","NA","NA","NA","0"
"HMDB0096815","NA","NA","NA","NA","NA","0"
"HMDB0096989","NA","NA","NA","NA","NA","0"
"HMDB0096992","NA","NA","NA","NA","NA","0"
"HMDB0097208","NA","NA","NA","NA","NA","0"
"HMDB0097210","NA","NA","NA","NA","NA","0"
"HMDB0097209","NA","NA","NA","NA","NA","0"
"HMDB0097212","NA","NA","NA","NA","NA","0"
"HMDB0097213","NA","NA","NA","NA","NA","0"
"HMDB0097215","NA","NA","NA","NA","NA","0"
"HMDB0097214","NA","NA","NA","NA","NA","0"
"HMDB0097216","NA","NA","NA","NA","NA","0"
"HMDB0097217","NA","NA","NA","NA","NA","0"
"HMDB0097380","NA","NA","NA","NA","NA","0"
"HMDB0097382","NA","NA","NA","NA","NA","0"
"HMDB0097383","NA","NA","NA","NA","NA","0"
"HMDB0097381","NA","NA","NA","NA","NA","0"
"HMDB0097384","NA","NA","NA","NA","NA","0"
"HMDB0097386","NA","NA","NA","NA","NA","0"
"HMDB0097387","NA","NA","NA","NA","NA","0"
"HMDB0097211","NA","NA","NA","NA","NA","0"
"HMDB0097207","NA","NA","NA","NA","NA","0"
"HMDB0096995","NA","NA","NA","NA","NA","0"
"HMDB0096993","NA","NA","NA","NA","NA","0"
"HMDB0096994","NA","NA","NA","NA","NA","0"
"HMDB0096996","NA","NA","NA","NA","NA","0"
"HMDB0096997","NA","NA","NA","NA","NA","0"
"HMDB0096999","NA","NA","NA","NA","NA","0"
"HMDB0096998","NA","NA","NA","NA","NA","0"
"HMDB0097000","NA","NA","NA","NA","NA","0"
"HMDB0097002","NA","NA","NA","NA","NA","0"
"HMDB0097003","NA","NA","NA","NA","NA","0"
"HMDB0097001","NA","NA","NA","NA","NA","0"
"HMDB0097004","NA","NA","NA","NA","NA","0"
"HMDB0097007","NA","NA","NA","NA","NA","0"
"HMDB0097005","NA","NA","NA","NA","NA","0"
"HMDB0097006","NA","NA","NA","NA","NA","0"
"HMDB0097206","NA","NA","NA","NA","NA","0"
"HMDB0097385","NA","NA","NA","NA","NA","0"
"HMDB0096156","NA","NA","NA","NA","NA","0"
"HMDB0094991","NA","NA","NA","NA","NA","0"
"HMDB0095128","NA","NA","NA","NA","NA","0"
"HMDB0095129","NA","NA","NA","NA","NA","0"
"HMDB0095258","NA","NA","NA","NA","NA","0"
"HMDB0095260","NA","NA","NA","NA","NA","0"
"HMDB0095259","NA","NA","NA","NA","NA","0"
"HMDB0095264","NA","NA","NA","NA","NA","0"
"HMDB0095261","NA","NA","NA","NA","NA","0"
"HMDB0095262","NA","NA","NA","NA","NA","0"
"HMDB0095263","NA","NA","NA","NA","NA","0"
"HMDB0095268","NA","NA","NA","NA","NA","0"
"HMDB0095265","NA","NA","NA","NA","NA","0"
"HMDB0095266","NA","NA","NA","NA","NA","0"
"HMDB0095267","NA","NA","NA","NA","NA","0"
"HMDB0095269","NA","NA","NA","NA","NA","0"
"HMDB0095379","NA","NA","NA","NA","NA","0"
"HMDB0095124","NA","NA","NA","NA","NA","0"
"HMDB0095126","NA","NA","NA","NA","NA","0"
"HMDB0095127","NA","NA","NA","NA","NA","0"
"HMDB0094989","NA","NA","NA","NA","NA","0"
"HMDB0094993","NA","NA","NA","NA","NA","0"
"HMDB0094994","NA","NA","NA","NA","NA","0"
"HMDB0094995","NA","NA","NA","NA","NA","0"
"HMDB0094996","NA","NA","NA","NA","NA","0"
"HMDB0094997","NA","NA","NA","NA","NA","0"
"HMDB0094999","NA","NA","NA","NA","NA","0"
"HMDB0094998","NA","NA","NA","NA","NA","0"
"HMDB0095119","NA","NA","NA","NA","NA","0"
"HMDB0095118","NA","NA","NA","NA","NA","0"
"HMDB0095122","NA","NA","NA","NA","NA","0"
"HMDB0095121","NA","NA","NA","NA","NA","0"
"HMDB0095123","NA","NA","NA","NA","NA","0"
"HMDB0095120","NA","NA","NA","NA","NA","0"
"HMDB0095125","NA","NA","NA","NA","NA","0"
"HMDB0095378","NA","NA","NA","NA","NA","0"
"HMDB0095380","NA","NA","NA","NA","NA","0"
"HMDB0096155","NA","NA","NA","NA","NA","0"
"HMDB0095538","NA","NA","NA","NA","NA","0"
"HMDB0095539","NA","NA","NA","NA","NA","0"
"HMDB0095644","NA","NA","NA","NA","NA","0"
"HMDB0095645","NA","NA","NA","NA","NA","0"
"HMDB0095649","NA","NA","NA","NA","NA","0"
"HMDB0095648","NA","NA","NA","NA","NA","0"
"HMDB0095647","NA","NA","NA","NA","NA","0"
"HMDB0095646","NA","NA","NA","NA","NA","0"
"HMDB0095928","NA","NA","NA","NA","NA","0"
"HMDB0095926","NA","NA","NA","NA","NA","0"
"HMDB0095925","NA","NA","NA","NA","NA","0"
"HMDB0095927","NA","NA","NA","NA","NA","0"
"HMDB0096153","NA","NA","NA","NA","NA","0"
"HMDB0096154","NA","NA","NA","NA","NA","0"
"HMDB0096158","NA","NA","NA","NA","NA","0"
"HMDB0095537","NA","NA","NA","NA","NA","0"
"HMDB0095536","NA","NA","NA","NA","NA","0"
"HMDB0095534","NA","NA","NA","NA","NA","0"
"HMDB0095382","NA","NA","NA","NA","NA","0"
"HMDB0095384","NA","NA","NA","NA","NA","0"
"HMDB0095381","NA","NA","NA","NA","NA","0"
"HMDB0095383","NA","NA","NA","NA","NA","0"
"HMDB0095385","NA","NA","NA","NA","NA","0"
"HMDB0095386","NA","NA","NA","NA","NA","0"
"HMDB0095387","NA","NA","NA","NA","NA","0"
"HMDB0095388","NA","NA","NA","NA","NA","0"
"HMDB0095389","NA","NA","NA","NA","NA","0"
"HMDB0095535","NA","NA","NA","NA","NA","0"
"HMDB0095531","NA","NA","NA","NA","NA","0"
"HMDB0095532","NA","NA","NA","NA","NA","0"
"HMDB0095533","NA","NA","NA","NA","NA","0"
"HMDB0095530","NA","NA","NA","NA","NA","0"
"HMDB0095529","NA","NA","NA","NA","NA","0"
"HMDB0095528","NA","NA","NA","NA","NA","0"
"HMDB0182265","NA","NA","NA","NA","NA","0"
"HMDB0182264","NA","NA","NA","NA","NA","0"
"HMDB0182266","NA","NA","NA","NA","NA","0"
"HMDB0164217","NA","NA","NA","NA","NA","0"
"HMDB0164215","NA","NA","NA","NA","NA","0"
"HMDB0038059","NA","NA","NA","NA","NA","0"
"HMDB0012092","SM(d18:0/22:1(13Z))","HMDB0012092","53481362","C00550","CCCCCCCCCCCCCCC[C@H]([C@H](COP(=O)([O-])OCC[N+](C)(C)C)NC(=O)CCCCCCCCCCC/C=C\CCCCCCCC)O","1"
"HMDB0012103","SM(d18:1/22:0)","HMDB0012103","44260125","C00550","CCCCCCCCCCCCCCCCCCCCCC(=O)N[C@@H](COP(=O)([O-])OCC[N+](C)(C)C)[C@@H](/C=C/CCCCCCCCCCCCC)O","1"
"HMDB0061669","NA","NA","NA","NA","NA","0"
"HMDB0112209","NA","NA","NA","NA","NA","0"
"HMDB0042752","NA","NA","NA","NA","NA","0"
"HMDB0043401","NA","NA","NA","NA","NA","0"
"HMDB0042975","NA","NA","NA","NA","NA","0"
"HMDB0042982","NA","NA","NA","NA","NA","0"
"HMDB0043177","NA","NA","NA","NA","NA","0"
"HMDB0047755","NA","NA","NA","NA","NA","0"
"HMDB0042542","NA","NA","NA","NA","NA","0"
"HMDB0042114","NA","NA","NA","NA","NA","0"
"HMDB0042107","NA","NA","NA","NA","NA","0"
"HMDB0034699","Fumonisin A2","HMDB0034699","14077782",NA,"CCCCC(C)C(C(CC(C)CCCCCCC(CC(C(C)NC(=O)C)O)O)OC(=O)CC(CC(=O)O)C(=O)O)OC(=O)CC(CC(=O)O)C(=O)O","1"
"HMDB0148903","NA","NA","NA","NA","NA","0"
"HMDB0148904","NA","NA","NA","NA","NA","0"
"HMDB0167769","NA","NA","NA","NA","NA","0"
"HMDB0167768","NA","NA","NA","NA","NA","0"
"HMDB0173103","NA","NA","NA","NA","NA","0"
"HMDB0169616","NA","NA","NA","NA","NA","0"
"HMDB0165411","NA","NA","NA","NA","NA","0"
"HMDB0173104","NA","NA","NA","NA","NA","0"
"HMDB0164420","NA","NA","NA","NA","NA","0"
"HMDB0164423","NA","NA","NA","NA","NA","0"
"HMDB0164424","NA","NA","NA","NA","NA","0"
"HMDB0164421","NA","NA","NA","NA","NA","0"
"HMDB0164422","NA","NA","NA","NA","NA","0"
"HMDB0164419","NA","NA","NA","NA","NA","0"
"HMDB0164418","NA","NA","NA","NA","NA","0"
"HMDB0046646","NA","NA","NA","NA","NA","0"
"HMDB0051659","NA","NA","NA","NA","NA","0"
"HMDB0054167","NA","NA","NA","NA","NA","0"
"HMDB0047434","NA","NA","NA","NA","NA","0"
"HMDB0054486","NA","NA","NA","NA","NA","0"
"HMDB0051643","NA","NA","NA","NA","NA","0"
"HMDB0047682","NA","NA","NA","NA","NA","0"
"HMDB0047505","NA","NA","NA","NA","NA","0"
"HMDB0046964","NA","NA","NA","NA","NA","0"
"HMDB0051851","NA","NA","NA","NA","NA","0"
"HMDB0047664","NA","NA","NA","NA","NA","0"
"HMDB0047452","NA","NA","NA","NA","NA","0"
"HMDB0052106","NA","NA","NA","NA","NA","0"
"HMDB0047643","NA","NA","NA","NA","NA","0"
"HMDB0052227","NA","NA","NA","NA","NA","0"
"HMDB0052101","NA","NA","NA","NA","NA","0"
"HMDB0052196","NA","NA","NA","NA","NA","0"
"HMDB0051508","NA","NA","NA","NA","NA","0"
"HMDB0051995","NA","NA","NA","NA","NA","0"
"HMDB0053728","NA","NA","NA","NA","NA","0"
"HMDB0052137","NA","NA","NA","NA","NA","0"
"HMDB0047429","NA","NA","NA","NA","NA","0"
"HMDB0051638","NA","NA","NA","NA","NA","0"
"HMDB0052242","NA","NA","NA","NA","NA","0"
"HMDB0046946","NA","NA","NA","NA","NA","0"
"HMDB0047515","NA","NA","NA","NA","NA","0"
"HMDB0046821","NA","NA","NA","NA","NA","0"
"HMDB0046773","NA","NA","NA","NA","NA","0"
"HMDB0046604","NA","NA","NA","NA","NA","0"
"HMDB0046215","NA","NA","NA","NA","NA","0"
"HMDB0045865","NA","NA","NA","NA","NA","0"
"HMDB0050816","NA","NA","NA","NA","NA","0"
"HMDB0050577","NA","NA","NA","NA","NA","0"
"HMDB0050431","NA","NA","NA","NA","NA","0"
"HMDB0047291","NA","NA","NA","NA","NA","0"
"HMDB0052248","NA","NA","NA","NA","NA","0"
"HMDB0046778","NA","NA","NA","NA","NA","0"
"HMDB0051756","NA","NA","NA","NA","NA","0"
"HMDB0054393","NA","NA","NA","NA","NA","0"
"HMDB0050721","NA","NA","NA","NA","NA","0"
"HMDB0050582","NA","NA","NA","NA","NA","0"
"HMDB0050986","NA","NA","NA","NA","NA","0"
"HMDB0053352","NA","NA","NA","NA","NA","0"
"HMDB0053450","NA","NA","NA","NA","NA","0"
"HMDB0053347","NA","NA","NA","NA","NA","0"
"HMDB0054407","NA","NA","NA","NA","NA","0"
"HMDB0051772","NA","NA","NA","NA","NA","0"
"HMDB0047521","NA","NA","NA","NA","NA","0"
"HMDB0047544","NA","NA","NA","NA","NA","0"
"HMDB0054472","NA","NA","NA","NA","NA","0"
"HMDB0047308","NA","NA","NA","NA","NA","0"
"HMDB0052256","NA","NA","NA","NA","NA","0"
"HMDB0054398","NA","NA","NA","NA","NA","0"
"HMDB0051782","NA","NA","NA","NA","NA","0"
"HMDB0051867","NA","NA","NA","NA","NA","0"
"HMDB0052323","NA","NA","NA","NA","NA","0"
