"population","pop_name","sample","vaccine_status","percentage"
"Pop1","CD3+(negative all other markers)","Minipig_1817_30DPI","vaccinated",19.1822194687524
"Pop1","CD3+(negative all other markers)","Minipig_3273_30DPI","control",21.3082479955545
"Pop1","CD3+(negative all other markers)","Minipig_4515_30DPI","vaccinated",16.7206246429252
"Pop1","CD3+(negative all other markers)","Minipig_4754_30DPI","control",15.5652391999498
"Pop1","CD3+(negative all other markers)","Minipig_5273_30DPI","vaccinated",20.3650570783224
"Pop1","CD3+(negative all other markers)","Minipig_6059_30DPI","vaccinated",7.32758620689655
"Pop1","CD3+(negative all other markers)","Minipig_7488_30DPI","control",20.5604161740364
"Pop1","CD3+(negative all other markers)","Minipig_7554_30DPI","control",8.54607721046077
"Pop1","CD3+(negative all other markers)","Minipig_9739_30DPI","control",15.3088106156698
"Pop1","CD3+(negative all other markers)","Minipig_9947_30DPI","vaccinated",25.7783372875611
"Pop1","CD3+(negative all other markers)","Minipig_1817_12wks","vaccinated",32.3220076986027
"Pop1","CD3+(negative all other markers)","Minipig_3273_12wks","control",30.8923125668343
"Pop1","CD3+(negative all other markers)","Minipig_4515_12wks","vaccinated",29.9361065189223
"Pop1","CD3+(negative all other markers)","Minipig_4754_12wks","control",16.871810267187
"Pop1","CD3+(negative all other markers)","Minipig_5273_12wks","vaccinated",37.7455377857518
"Pop1","CD3+(negative all other markers)","Minipig_6059_12wks","vaccinated",17.556622706422
"Pop1","CD3+(negative all other markers)","Minipig_7488_12wks","control",31.4577799243339
"Pop1","CD3+(negative all other markers)","Minipig_7554_12wks","control",14.1425032115985
"Pop1","CD3+(negative all other markers)","Minipig_9739_12wks","control",23.9551950560062
"Pop1","CD3+(negative all other markers)","Minipig_9947_12wks","vaccinated",34.7320405043943
"Pop10","CD3+CD8+(negative all other markers)","Minipig_1817_30DPI","vaccinated",2.30387981104313
"Pop10","CD3+CD8+(negative all other markers)","Minipig_3273_30DPI","control",2.92926887354132
"Pop10","CD3+CD8+(negative all other markers)","Minipig_4515_30DPI","vaccinated",1.14263949723862
"Pop10","CD3+CD8+(negative all other markers)","Minipig_4754_30DPI","control",0.670888456956549
"Pop10","CD3+CD8+(negative all other markers)","Minipig_5273_30DPI","vaccinated",0.781393077345705
"Pop10","CD3+CD8+(negative all other markers)","Minipig_6059_30DPI","vaccinated",0.471443965517241
"Pop10","CD3+CD8+(negative all other markers)","Minipig_7488_30DPI","control",2.52226688736502
"Pop10","CD3+CD8+(negative all other markers)","Minipig_7554_30DPI","control",0.949564134495641
"Pop10","CD3+CD8+(negative all other markers)","Minipig_9739_30DPI","control",0.634208215435652
"Pop10","CD3+CD8+(negative all other markers)","Minipig_9947_30DPI","vaccinated",1.9125550767443
"Pop10","CD3+CD8+(negative all other markers)","Minipig_1817_12wks","vaccinated",6.13463461946473
"Pop10","CD3+CD8+(negative all other markers)","Minipig_3273_12wks","control",7.88150025743594
"Pop10","CD3+CD8+(negative all other markers)","Minipig_4515_12wks","vaccinated",3.68169429426746
"Pop10","CD3+CD8+(negative all other markers)","Minipig_4754_12wks","control",1.26781054430409
"Pop10","CD3+CD8+(negative all other markers)","Minipig_5273_12wks","vaccinated",4.22866334642868
"Pop10","CD3+CD8+(negative all other markers)","Minipig_6059_12wks","vaccinated",2.11080848623853
"Pop10","CD3+CD8+(negative all other markers)","Minipig_7488_12wks","control",7.58270949046124
"Pop10","CD3+CD8+(negative all other markers)","Minipig_7554_12wks","control",2.04854101670031
"Pop10","CD3+CD8+(negative all other markers)","Minipig_9739_12wks","control",1.90034762456547
"Pop10","CD3+CD8+(negative all other markers)","Minipig_9947_12wks","vaccinated",5.52397783721819
"Pop11","CD3+CD8+CD45RA+CD172(negative all other markers)","Minipig_1817_30DPI","vaccinated",2.40455355068536
"Pop11","CD3+CD8+CD45RA+CD172(negative all other markers)","Minipig_3273_30DPI","control",0.662062395808526
"Pop11","CD3+CD8+CD45RA+CD172(negative all other markers)","Minipig_4515_30DPI","vaccinated",0.285659874309655
"Pop11","CD3+CD8+CD45RA+CD172(negative all other markers)","Minipig_4754_30DPI","control",0.39500909147909
"Pop11","CD3+CD8+CD45RA+CD172(negative all other markers)","Minipig_5273_30DPI","vaccinated",0.23808070325377
"Pop11","CD3+CD8+CD45RA+CD172(negative all other markers)","Minipig_6059_30DPI","vaccinated",0.619612068965517
"Pop11","CD3+CD8+CD45RA+CD172(negative all other markers)","Minipig_7488_30DPI","control",1.38724678805076
"Pop11","CD3+CD8+CD45RA+CD172(negative all other markers)","Minipig_7554_30DPI","control",1.36986301369863
"Pop11","CD3+CD8+CD45RA+CD172(negative all other markers)","Minipig_9739_30DPI","control",0.468338374475559
"Pop11","CD3+CD8+CD45RA+CD172(negative all other markers)","Minipig_9947_30DPI","vaccinated",1.37510289062122
"Pop11","CD3+CD8+CD45RA+CD172(negative all other markers)","Minipig_1817_12wks","vaccinated",0
"Pop11","CD3+CD8+CD45RA+CD172(negative all other markers)","Minipig_3273_12wks","control",0
"Pop11","CD3+CD8+CD45RA+CD172(negative all other markers)","Minipig_4515_12wks","vaccinated",0
"Pop11","CD3+CD8+CD45RA+CD172(negative all other markers)","Minipig_4754_12wks","control",0
"Pop11","CD3+CD8+CD45RA+CD172(negative all other markers)","Minipig_5273_12wks","vaccinated",0
"Pop11","CD3+CD8+CD45RA+CD172(negative all other markers)","Minipig_6059_12wks","vaccinated",0
"Pop11","CD3+CD8+CD45RA+CD172(negative all other markers)","Minipig_7488_12wks","control",0
"Pop11","CD3+CD8+CD45RA+CD172(negative all other markers)","Minipig_7554_12wks","control",0
"Pop11","CD3+CD8+CD45RA+CD172(negative all other markers)","Minipig_9739_12wks","control",0
"Pop11","CD3+CD8+CD45RA+CD172(negative all other markers)","Minipig_9947_12wks","vaccinated",0.00238823079862438
"Pop12","CD3+CD8+CD45RA+SLADQ+CD172(negative all other markers)","Minipig_1817_30DPI","vaccinated",1.15774800588554
"Pop12","CD3+CD8+CD45RA+SLADQ+CD172(negative all other markers)","Minipig_3273_30DPI","control",1.12566484083512
"Pop12","CD3+CD8+CD45RA+SLADQ+CD172(negative all other markers)","Minipig_4515_30DPI","vaccinated",0.438011807274805
"Pop12","CD3+CD8+CD45RA+SLADQ+CD172(negative all other markers)","Minipig_4754_30DPI","control",0.915417894538843
"Pop12","CD3+CD8+CD45RA+SLADQ+CD172(negative all other markers)","Minipig_5273_30DPI","vaccinated",0.549417007508699
"Pop12","CD3+CD8+CD45RA+SLADQ+CD172(negative all other markers)","Minipig_6059_30DPI","vaccinated",0.525323275862069
"Pop12","CD3+CD8+CD45RA+SLADQ+CD172(negative all other markers)","Minipig_7488_30DPI","control",1.19413572948688
"Pop12","CD3+CD8+CD45RA+SLADQ+CD172(negative all other markers)","Minipig_7554_30DPI","control",3.14445828144458
"Pop12","CD3+CD8+CD45RA+SLADQ+CD172(negative all other markers)","Minipig_9739_30DPI","control",0.546394770221485
"Pop12","CD3+CD8+CD45RA+SLADQ+CD172(negative all other markers)","Minipig_9947_30DPI","vaccinated",1.74308817120999
"Pop12","CD3+CD8+CD45RA+SLADQ+CD172(negative all other markers)","Minipig_1817_12wks","vaccinated",0
"Pop12","CD3+CD8+CD45RA+SLADQ+CD172(negative all other markers)","Minipig_3273_12wks","control",0
"Pop12","CD3+CD8+CD45RA+SLADQ+CD172(negative all other markers)","Minipig_4515_12wks","vaccinated",0
"Pop12","CD3+CD8+CD45RA+SLADQ+CD172(negative all other markers)","Minipig_4754_12wks","control",0
"Pop12","CD3+CD8+CD45RA+SLADQ+CD172(negative all other markers)","Minipig_5273_12wks","vaccinated",0.00309338942679494
"Pop12","CD3+CD8+CD45RA+SLADQ+CD172(negative all other markers)","Minipig_6059_12wks","vaccinated",0
"Pop12","CD3+CD8+CD45RA+SLADQ+CD172(negative all other markers)","Minipig_7488_12wks","control",0
"Pop12","CD3+CD8+CD45RA+SLADQ+CD172(negative all other markers)","Minipig_7554_12wks","control",0
"Pop12","CD3+CD8+CD45RA+SLADQ+CD172(negative all other markers)","Minipig_9739_12wks","control",0.00386249517188104
"Pop12","CD3+CD8+CD45RA+SLADQ+CD172(negative all other markers)","Minipig_9947_12wks","vaccinated",0.00238823079862438
"Pop13","CD3+CD8+CD45RA+SLADQ+(negative all other markers)","Minipig_1817_30DPI","vaccinated",0.696972043676915
"Pop13","CD3+CD8+CD45RA+SLADQ+(negative all other markers)","Minipig_3273_30DPI","control",1.85123442089386
"Pop13","CD3+CD8+CD45RA+SLADQ+(negative all other markers)","Minipig_4515_30DPI","vaccinated",0.323747857550943
"Pop13","CD3+CD8+CD45RA+SLADQ+(negative all other markers)","Minipig_4754_30DPI","control",0.163019625054862
"Pop13","CD3+CD8+CD45RA+SLADQ+(negative all other markers)","Minipig_5273_30DPI","vaccinated",0.158720468835846
"Pop13","CD3+CD8+CD45RA+SLADQ+(negative all other markers)","Minipig_6059_30DPI","vaccinated",0.134698275862069
"Pop13","CD3+CD8+CD45RA+SLADQ+(negative all other markers)","Minipig_7488_30DPI","control",0.985260502876961
"Pop13","CD3+CD8+CD45RA+SLADQ+(negative all other markers)","Minipig_7554_30DPI","control",0.99626400996264
"Pop13","CD3+CD8+CD45RA+SLADQ+(negative all other markers)","Minipig_9739_30DPI","control",0.11708459361889
"Pop13","CD3+CD8+CD45RA+SLADQ+(negative all other markers)","Minipig_9947_30DPI","vaccinated",0.256621314094805
"Pop13","CD3+CD8+CD45RA+SLADQ+(negative all other markers)","Minipig_1817_12wks","vaccinated",0.0363713514988028
"Pop13","CD3+CD8+CD45RA+SLADQ+(negative all other markers)","Minipig_3273_12wks","control",0.0237633173591033
"Pop13","CD3+CD8+CD45RA+SLADQ+(negative all other markers)","Minipig_4515_12wks","vaccinated",0.0223403779991957
"Pop13","CD3+CD8+CD45RA+SLADQ+(negative all other markers)","Minipig_4754_12wks","control",0.0184744705909521
"Pop13","CD3+CD8+CD45RA+SLADQ+(negative all other markers)","Minipig_5273_12wks","vaccinated",0.0123735577071798
"Pop13","CD3+CD8+CD45RA+SLADQ+(negative all other markers)","Minipig_6059_12wks","vaccinated",0.0179185779816514
"Pop13","CD3+CD8+CD45RA+SLADQ+(negative all other markers)","Minipig_7488_12wks","control",0.0643966835707961
"Pop13","CD3+CD8+CD45RA+SLADQ+(negative all other markers)","Minipig_7554_12wks","control",0.04358597907873
"Pop13","CD3+CD8+CD45RA+SLADQ+(negative all other markers)","Minipig_9739_12wks","control",0.0193124758594052
"Pop13","CD3+CD8+CD45RA+SLADQ+(negative all other markers)","Minipig_9947_12wks","vaccinated",0.0167176155903707
"Pop14","CD3+CD8+SLADQ+(negative all other markers)","Minipig_1817_30DPI","vaccinated",0.534345233485635
"Pop14","CD3+CD8+SLADQ+(negative all other markers)","Minipig_3273_30DPI","control",1.61149480034929
"Pop14","CD3+CD8+SLADQ+(negative all other markers)","Minipig_4515_30DPI","vaccinated",0.533231765378023
"Pop14","CD3+CD8+SLADQ+(negative all other markers)","Minipig_4754_30DPI","control",0.263339394319393
"Pop14","CD3+CD8+SLADQ+(negative all other markers)","Minipig_5273_30DPI","vaccinated",0.280813137171113
"Pop14","CD3+CD8+SLADQ+(negative all other markers)","Minipig_6059_30DPI","vaccinated",0.471443965517241
"Pop14","CD3+CD8+SLADQ+(negative all other markers)","Minipig_7488_30DPI","control",0.922203830692835
"Pop14","CD3+CD8+SLADQ+(negative all other markers)","Minipig_7554_30DPI","control",1.26089663760897
"Pop14","CD3+CD8+SLADQ+(negative all other markers)","Minipig_9739_30DPI","control",0.282954434578983
"Pop14","CD3+CD8+SLADQ+(negative all other markers)","Minipig_9947_30DPI","vaccinated",0.343775722655304
"Pop14","CD3+CD8+SLADQ+(negative all other markers)","Minipig_1817_12wks","vaccinated",0.151547297911678
"Pop14","CD3+CD8+SLADQ+(negative all other markers)","Minipig_3273_12wks","control",0.158422115727356
"Pop14","CD3+CD8+SLADQ+(negative all other markers)","Minipig_4515_12wks","vaccinated",0.183191099593405
"Pop14","CD3+CD8+SLADQ+(negative all other markers)","Minipig_4754_12wks","control",0.166270235318569
"Pop14","CD3+CD8+SLADQ+(negative all other markers)","Minipig_5273_12wks","vaccinated",0.194883533888081
"Pop14","CD3+CD8+SLADQ+(negative all other markers)","Minipig_6059_12wks","vaccinated",0.139764908256881
"Pop14","CD3+CD8+SLADQ+(negative all other markers)","Minipig_7488_12wks","control",0.185140465266039
"Pop14","CD3+CD8+SLADQ+(negative all other markers)","Minipig_7554_12wks","control",0.181225913011562
"Pop14","CD3+CD8+SLADQ+(negative all other markers)","Minipig_9739_12wks","control",0.108149864812669
"Pop14","CD3+CD8+SLADQ+(negative all other markers)","Minipig_9947_12wks","vaccinated",0.0955292319449752
"Pop15","CD3+CD8+SLADQ+CD172(negative all other markers)","Minipig_1817_30DPI","vaccinated",0.387206690931619
"Pop15","CD3+CD8+SLADQ+CD172(negative all other markers)","Minipig_3273_30DPI","control",0.582678415495753
"Pop15","CD3+CD8+SLADQ+CD172(negative all other markers)","Minipig_4515_30DPI","vaccinated",0.36183584079223
"Pop15","CD3+CD8+SLADQ+CD172(negative all other markers)","Minipig_4754_30DPI","control",0.291554329425042
"Pop15","CD3+CD8+SLADQ+CD172(negative all other markers)","Minipig_5273_30DPI","vaccinated",0.189243635919663
"Pop15","CD3+CD8+SLADQ+CD172(negative all other markers)","Minipig_6059_30DPI","vaccinated",0.336745689655172
"Pop15","CD3+CD8+SLADQ+CD172(negative all other markers)","Minipig_7488_30DPI","control",0.500512335461496
"Pop15","CD3+CD8+SLADQ+CD172(negative all other markers)","Minipig_7554_30DPI","control",1.46326276463263
"Pop15","CD3+CD8+SLADQ+CD172(negative all other markers)","Minipig_9739_30DPI","control",0.341496731388428
"Pop15","CD3+CD8+SLADQ+CD172(negative all other markers)","Minipig_9947_30DPI","vaccinated",0.67786762213722
"Pop15","CD3+CD8+SLADQ+CD172(negative all other markers)","Minipig_1817_12wks","vaccinated",0.00606189191646713
"Pop15","CD3+CD8+SLADQ+CD172(negative all other markers)","Minipig_3273_12wks","control",0.00396055289318389
"Pop15","CD3+CD8+SLADQ+CD172(negative all other markers)","Minipig_4515_12wks","vaccinated",0
"Pop15","CD3+CD8+SLADQ+CD172(negative all other markers)","Minipig_4754_12wks","control",0.00692792647160705
"Pop15","CD3+CD8+SLADQ+CD172(negative all other markers)","Minipig_5273_12wks","vaccinated",0.00309338942679494
"Pop15","CD3+CD8+SLADQ+CD172(negative all other markers)","Minipig_6059_12wks","vaccinated",0
"Pop15","CD3+CD8+SLADQ+CD172(negative all other markers)","Minipig_7488_12wks","control",0.016099170892699
"Pop15","CD3+CD8+SLADQ+CD172(negative all other markers)","Minipig_7554_12wks","control",0.00688199669664159
"Pop15","CD3+CD8+SLADQ+CD172(negative all other markers)","Minipig_9739_12wks","control",0.0154499806875241
"Pop15","CD3+CD8+SLADQ+CD172(negative all other markers)","Minipig_9947_12wks","vaccinated",0
"Pop16","CD3+CD4+(negative all other markers)","Minipig_1817_30DPI","vaccinated",10.2532331758693
"Pop16","CD3+CD4+(negative all other markers)","Minipig_3273_30DPI","control",11.4598713979519
"Pop16","CD3+CD4+(negative all other markers)","Minipig_4515_30DPI","vaccinated",2.43763092744239
"Pop16","CD3+CD4+(negative all other markers)","Minipig_4754_30DPI","control",0.755533262273497
"Pop16","CD3+CD4+(negative all other markers)","Minipig_5273_30DPI","vaccinated",0.134301935168793
"Pop16","CD3+CD4+(negative all other markers)","Minipig_6059_30DPI","vaccinated",4.78178879310345
"Pop16","CD3+CD4+(negative all other markers)","Minipig_7488_30DPI","control",12.2526996137779
"Pop16","CD3+CD4+(negative all other markers)","Minipig_7554_30DPI","control",0.825031133250311
"Pop16","CD3+CD4+(negative all other markers)","Minipig_9739_30DPI","control",1.25865938140306
"Pop16","CD3+CD4+(negative all other markers)","Minipig_9947_30DPI","vaccinated",7.93105117900547
"Pop16","CD3+CD4+(negative all other markers)","Minipig_1817_12wks","vaccinated",19.1070833207044
"Pop16","CD3+CD4+(negative all other markers)","Minipig_3273_12wks","control",24.2425442591786
"Pop16","CD3+CD4+(negative all other markers)","Minipig_4515_12wks","vaccinated",18.1627273133461
"Pop16","CD3+CD4+(negative all other markers)","Minipig_4754_12wks","control",12.8051174283537
"Pop16","CD3+CD4+(negative all other markers)","Minipig_5273_12wks","vaccinated",0.129922355925387
"Pop16","CD3+CD4+(negative all other markers)","Minipig_6059_12wks","vaccinated",21.9717603211009
"Pop16","CD3+CD4+(negative all other markers)","Minipig_7488_12wks","control",27.867664815262
"Pop16","CD3+CD4+(negative all other markers)","Minipig_7554_12wks","control",11.7016883831896
"Pop16","CD3+CD4+(negative all other markers)","Minipig_9739_12wks","control",12.726921591348
"Pop16","CD3+CD4+(negative all other markers)","Minipig_9947_12wks","vaccinated",17.6585785250287
"Pop17","CD3+CD4+CD45RA+SLADQ+(negative all other markers)","Minipig_1817_30DPI","vaccinated",3.53132502129637
"Pop17","CD3+CD4+CD45RA+SLADQ+(negative all other markers)","Minipig_3273_30DPI","control",3.64213701675002
"Pop17","CD3+CD4+CD45RA+SLADQ+(negative all other markers)","Minipig_4515_30DPI","vaccinated",4.45629403923062
"Pop17","CD3+CD4+CD45RA+SLADQ+(negative all other markers)","Minipig_4754_30DPI","control",2.25092482287291
"Pop17","CD3+CD4+CD45RA+SLADQ+(negative all other markers)","Minipig_5273_30DPI","vaccinated",3.80318661864355
"Pop17","CD3+CD4+CD45RA+SLADQ+(negative all other markers)","Minipig_6059_30DPI","vaccinated",3.69073275862069
"Pop17","CD3+CD4+CD45RA+SLADQ+(negative all other markers)","Minipig_7488_30DPI","control",5.89973989122724
"Pop17","CD3+CD4+CD45RA+SLADQ+(negative all other markers)","Minipig_7554_30DPI","control",4.8879202988792
"Pop17","CD3+CD4+CD45RA+SLADQ+(negative all other markers)","Minipig_9739_30DPI","control",4.92730998146161
"Pop17","CD3+CD4+CD45RA+SLADQ+(negative all other markers)","Minipig_9947_30DPI","vaccinated",3.19081973563163
"Pop17","CD3+CD4+CD45RA+SLADQ+(negative all other markers)","Minipig_1817_12wks","vaccinated",15.8518473615615
"Pop17","CD3+CD4+CD45RA+SLADQ+(negative all other markers)","Minipig_3273_12wks","control",14.1985821220642
"Pop17","CD3+CD4+CD45RA+SLADQ+(negative all other markers)","Minipig_4515_12wks","vaccinated",10.2587015772307
"Pop17","CD3+CD4+CD45RA+SLADQ+(negative all other markers)","Minipig_4754_12wks","control",13.082234487218
"Pop17","CD3+CD4+CD45RA+SLADQ+(negative all other markers)","Minipig_5273_12wks","vaccinated",12.5375073467999
"Pop17","CD3+CD4+CD45RA+SLADQ+(negative all other markers)","Minipig_6059_12wks","vaccinated",13.8618119266055
"Pop17","CD3+CD4+CD45RA+SLADQ+(negative all other markers)","Minipig_7488_12wks","control",11.4545600901554
"Pop17","CD3+CD4+CD45RA+SLADQ+(negative all other markers)","Minipig_7554_12wks","control",16.2896861809506
"Pop17","CD3+CD4+CD45RA+SLADQ+(negative all other markers)","Minipig_9739_12wks","control",14.6079567400541
"Pop17","CD3+CD4+CD45RA+SLADQ+(negative all other markers)","Minipig_9947_12wks","vaccinated",10.3314864348491
"Pop18","CD3+CD4+SLADQ+(negative all other markers)","Minipig_1817_30DPI","vaccinated",1.23518934407187
"Pop18","CD3+CD4+SLADQ+(negative all other markers)","Minipig_3273_30DPI","control",1.89568944986902
"Pop18","CD3+CD4+SLADQ+(negative all other markers)","Minipig_4515_30DPI","vaccinated",0.552275756998667
"Pop18","CD3+CD4+SLADQ+(negative all other markers)","Minipig_4754_30DPI","control",0.219449495266161
"Pop18","CD3+CD4+SLADQ+(negative all other markers)","Minipig_5273_30DPI","vaccinated",0.0427324339173433
"Pop18","CD3+CD4+SLADQ+(negative all other markers)","Minipig_6059_30DPI","vaccinated",1.29310344827586
"Pop18","CD3+CD4+SLADQ+(negative all other markers)","Minipig_7488_30DPI","control",2.08875226609916
"Pop18","CD3+CD4+SLADQ+(negative all other markers)","Minipig_7554_30DPI","control",0.74719800747198
"Pop18","CD3+CD4+SLADQ+(negative all other markers)","Minipig_9739_30DPI","control",0.409796077666114
"Pop18","CD3+CD4+SLADQ+(negative all other markers)","Minipig_9947_30DPI","vaccinated",0.827966881324747
"Pop18","CD3+CD4+SLADQ+(negative all other markers)","Minipig_1817_12wks","vaccinated",1.36998757312157
"Pop18","CD3+CD4+SLADQ+(negative all other markers)","Minipig_3273_12wks","control",0.780228919957226
"Pop18","CD3+CD4+SLADQ+(negative all other markers)","Minipig_4515_12wks","vaccinated",0.62999865957732
"Pop18","CD3+CD4+SLADQ+(negative all other markers)","Minipig_4754_12wks","control",1.12463339722421
"Pop18","CD3+CD4+SLADQ+(negative all other markers)","Minipig_5273_12wks","vaccinated",0.705292789309246
"Pop18","CD3+CD4+SLADQ+(negative all other markers)","Minipig_6059_12wks","vaccinated",1.03211009174312
"Pop18","CD3+CD4+SLADQ+(negative all other markers)","Minipig_7488_12wks","control",0.82105771552765
"Pop18","CD3+CD4+SLADQ+(negative all other markers)","Minipig_7554_12wks","control",1.11029546705818
"Pop18","CD3+CD4+SLADQ+(negative all other markers)","Minipig_9739_12wks","control",0.984936268829664
"Pop18","CD3+CD4+SLADQ+(negative all other markers)","Minipig_9947_12wks","vaccinated",0.718857470385938
"Pop19","CD3+CD4+CD45RA+(negative all other markers)","Minipig_1817_30DPI","vaccinated",1.75404630992024
"Pop19","CD3+CD4+CD45RA+(negative all other markers)","Minipig_3273_30DPI","control",0.841470191315393
"Pop19","CD3+CD4+CD45RA+(negative all other markers)","Minipig_4515_30DPI","vaccinated",2.66615882689012
"Pop19","CD3+CD4+CD45RA+(negative all other markers)","Minipig_4754_30DPI","control",2.91867828703994
"Pop19","CD3+CD4+CD45RA+(negative all other markers)","Minipig_5273_30DPI","vaccinated",0.750869910261889
"Pop19","CD3+CD4+CD45RA+(negative all other markers)","Minipig_6059_30DPI","vaccinated",3.16540948275862
"Pop19","CD3+CD4+CD45RA+(negative all other markers)","Minipig_7488_30DPI","control",1.3557184519587
"Pop19","CD3+CD4+CD45RA+(negative all other markers)","Minipig_7554_30DPI","control",3.56475716064757
"Pop19","CD3+CD4+CD45RA+(negative all other markers)","Minipig_9739_30DPI","control",1.9611669431164
"Pop19","CD3+CD4+CD45RA+(negative all other markers)","Minipig_9947_30DPI","vaccinated",0.919963201471941
"Pop19","CD3+CD4+CD45RA+(negative all other markers)","Minipig_1817_12wks","vaccinated",1.10326432879702
"Pop19","CD3+CD4+CD45RA+(negative all other markers)","Minipig_3273_12wks","control",0.720820626559468
"Pop19","CD3+CD4+CD45RA+(negative all other markers)","Minipig_4515_12wks","vaccinated",7.40806934453331
"Pop19","CD3+CD4+CD45RA+(negative all other markers)","Minipig_4754_12wks","control",8.95549961896404
"Pop19","CD3+CD4+CD45RA+(negative all other markers)","Minipig_5273_12wks","vaccinated",1.93955517060043
"Pop19","CD3+CD4+CD45RA+(negative all other markers)","Minipig_6059_12wks","vaccinated",10.2279243119266
"Pop19","CD3+CD4+CD45RA+(negative all other markers)","Minipig_7488_12wks","control",1.20743781695243
"Pop19","CD3+CD4+CD45RA+(negative all other markers)","Minipig_7554_12wks","control",11.0387227014131
"Pop19","CD3+CD4+CD45RA+(negative all other markers)","Minipig_9739_12wks","control",7.27694090382387
"Pop19","CD3+CD4+CD45RA+(negative all other markers)","Minipig_9947_12wks","vaccinated",0.374952235384027
"Pop2","CD3+SLADQ+(negative all other markers)","Minipig_1817_30DPI","vaccinated",1.65724463718733
"Pop2","CD3+SLADQ+(negative all other markers)","Minipig_3273_30DPI","control",3.02929268873541
"Pop2","CD3+SLADQ+(negative all other markers)","Minipig_4515_30DPI","vaccinated",3.14225861740621
"Pop2","CD3+SLADQ+(negative all other markers)","Minipig_4754_30DPI","control",1.47971659665183
"Pop2","CD3+SLADQ+(negative all other markers)","Minipig_5273_30DPI","vaccinated",2.47237653378915
"Pop2","CD3+SLADQ+(negative all other markers)","Minipig_6059_30DPI","vaccinated",2.55926724137931
"Pop2","CD3+SLADQ+(negative all other markers)","Minipig_7488_30DPI","control",1.21384093954442
"Pop2","CD3+SLADQ+(negative all other markers)","Minipig_7554_30DPI","control",3.05105853051059
"Pop2","CD3+SLADQ+(negative all other markers)","Minipig_9739_30DPI","control",2.07825153673529
"Pop2","CD3+SLADQ+(negative all other markers)","Minipig_9947_30DPI","vaccinated",1.3896286253813
"Pop2","CD3+SLADQ+(negative all other markers)","Minipig_1817_12wks","vaccinated",1.80038189919074
"Pop2","CD3+SLADQ+(negative all other markers)","Minipig_3273_12wks","control",0.756465602598123
"Pop2","CD3+SLADQ+(negative all other markers)","Minipig_4515_12wks","vaccinated",3.90062999865958
"Pop2","CD3+SLADQ+(negative all other markers)","Minipig_4754_12wks","control",1.12463339722421
"Pop2","CD3+SLADQ+(negative all other markers)","Minipig_5273_12wks","vaccinated",6.34763510378322
"Pop2","CD3+SLADQ+(negative all other markers)","Minipig_6059_12wks","vaccinated",3.41886467889908
"Pop2","CD3+SLADQ+(negative all other markers)","Minipig_7488_12wks","control",0.66811559204701
"Pop2","CD3+SLADQ+(negative all other markers)","Minipig_7554_12wks","control",2.00954303541934
"Pop2","CD3+SLADQ+(negative all other markers)","Minipig_9739_12wks","control",4.43800695249131
"Pop2","CD3+SLADQ+(negative all other markers)","Minipig_9947_12wks","vaccinated",4.20806266717616
"Pop20","CD3+CD4+CD45RA+SLADQ+CD172(negative all other markers)","Minipig_1817_30DPI","vaccinated",6.41214280182762
"Pop20","CD3+CD4+CD45RA+SLADQ+CD172(negative all other markers)","Minipig_3273_30DPI","control",5.59021989362547
"Pop20","CD3+CD4+CD45RA+SLADQ+CD172(negative all other markers)","Minipig_4515_30DPI","vaccinated",5.90363740239954
"Pop20","CD3+CD4+CD45RA+SLADQ+CD172(negative all other markers)","Minipig_4754_30DPI","control",7.18226848078249
"Pop20","CD3+CD4+CD45RA+SLADQ+CD172(negative all other markers)","Minipig_5273_30DPI","vaccinated",3.6444661498077
"Pop20","CD3+CD4+CD45RA+SLADQ+CD172(negative all other markers)","Minipig_6059_30DPI","vaccinated",10.4121767241379
"Pop20","CD3+CD4+CD45RA+SLADQ+CD172(negative all other markers)","Minipig_7488_30DPI","control",6.65641995743675
"Pop20","CD3+CD4+CD45RA+SLADQ+CD172(negative all other markers)","Minipig_7554_30DPI","control",13.0448318804483
"Pop20","CD3+CD4+CD45RA+SLADQ+CD172(negative all other markers)","Minipig_9739_30DPI","control",10.1375743975022
"Pop20","CD3+CD4+CD45RA+SLADQ+CD172(negative all other markers)","Minipig_9947_30DPI","vaccinated",7.4759114898562
"Pop20","CD3+CD4+CD45RA+SLADQ+CD172(negative all other markers)","Minipig_1817_12wks","vaccinated",0.154578243869912
"Pop20","CD3+CD4+CD45RA+SLADQ+CD172(negative all other markers)","Minipig_3273_12wks","control",0.265357043843321
"Pop20","CD3+CD4+CD45RA+SLADQ+CD172(negative all other markers)","Minipig_4515_12wks","vaccinated",0.0402126803985523
"Pop20","CD3+CD4+CD45RA+SLADQ+CD172(negative all other markers)","Minipig_4754_12wks","control",0.316375308870055
"Pop20","CD3+CD4+CD45RA+SLADQ+CD172(negative all other markers)","Minipig_5273_12wks","vaccinated",0.136109134778977
"Pop20","CD3+CD4+CD45RA+SLADQ+CD172(negative all other markers)","Minipig_6059_12wks","vaccinated",0.0860091743119266
"Pop20","CD3+CD4+CD45RA+SLADQ+CD172(negative all other markers)","Minipig_7488_12wks","control",0.0563470981244466
"Pop20","CD3+CD4+CD45RA+SLADQ+CD172(negative all other markers)","Minipig_7554_12wks","control",0.878601578271242
"Pop20","CD3+CD4+CD45RA+SLADQ+CD172(negative all other markers)","Minipig_9739_12wks","control",0.0617999227500966
"Pop20","CD3+CD4+CD45RA+SLADQ+CD172(negative all other markers)","Minipig_9947_12wks","vaccinated",0.176729079098204
"Pop21","CD3+CD4+SLADQ+CD172(negative all other markers)","Minipig_1817_30DPI","vaccinated",1.51785022845195
"Pop21","CD3+CD4+SLADQ+CD172(negative all other markers)","Minipig_3273_30DPI","control",1.30507263634199
"Pop21","CD3+CD4+SLADQ+CD172(negative all other markers)","Minipig_4515_30DPI","vaccinated",1.88535517044373
"Pop21","CD3+CD4+SLADQ+CD172(negative all other markers)","Minipig_4754_30DPI","control",0.956172800802558
"Pop21","CD3+CD4+SLADQ+CD172(negative all other markers)","Minipig_5273_30DPI","vaccinated",0.384591905256089
"Pop21","CD3+CD4+SLADQ+CD172(negative all other markers)","Minipig_6059_30DPI","vaccinated",2.5323275862069
"Pop21","CD3+CD4+SLADQ+CD172(negative all other markers)","Minipig_7488_30DPI","control",0.941909040750374
"Pop21","CD3+CD4+SLADQ+CD172(negative all other markers)","Minipig_7554_30DPI","control",1.80572851805729
"Pop21","CD3+CD4+SLADQ+CD172(negative all other markers)","Minipig_9739_30DPI","control",1.36598692555371
"Pop21","CD3+CD4+SLADQ+CD172(negative all other markers)","Minipig_9947_30DPI","vaccinated",2.40643005858713
"Pop21","CD3+CD4+SLADQ+CD172(negative all other markers)","Minipig_1817_12wks","vaccinated",0.266723244324554
"Pop21","CD3+CD4+SLADQ+CD172(negative all other markers)","Minipig_3273_12wks","control",0.277238702522872
"Pop21","CD3+CD4+SLADQ+CD172(negative all other markers)","Minipig_4515_12wks","vaccinated",0.205531477592601
"Pop21","CD3+CD4+SLADQ+CD172(negative all other markers)","Minipig_4754_12wks","control",0.558852735376302
"Pop21","CD3+CD4+SLADQ+CD172(negative all other markers)","Minipig_5273_12wks","vaccinated",0.522782813128345
"Pop21","CD3+CD4+SLADQ+CD172(negative all other markers)","Minipig_6059_12wks","vaccinated",0.272362385321101
"Pop21","CD3+CD4+SLADQ+CD172(negative all other markers)","Minipig_7488_12wks","control",0.0402479272317476
"Pop21","CD3+CD4+SLADQ+CD172(negative all other markers)","Minipig_7554_12wks","control",0.396861809506331
"Pop21","CD3+CD4+SLADQ+CD172(negative all other markers)","Minipig_9739_12wks","control",0.285824642719197
"Pop21","CD3+CD4+SLADQ+CD172(negative all other markers)","Minipig_9947_12wks","vaccinated",0.140905617118838
"Pop22","CD3+CD4+CD45RA+CD172(negative all other markers)","Minipig_1817_30DPI","vaccinated",2.27290327576861
"Pop22","CD3+CD4+CD45RA+CD172(negative all other markers)","Minipig_3273_30DPI","control",0.438199571326506
"Pop22","CD3+CD4+CD45RA+CD172(negative all other markers)","Minipig_4515_30DPI","vaccinated",0.933155589411541
"Pop22","CD3+CD4+CD45RA+CD172(negative all other markers)","Minipig_4754_30DPI","control",0.670888456956549
"Pop22","CD3+CD4+CD45RA+CD172(negative all other markers)","Minipig_5273_30DPI","vaccinated",0.225871436420243
"Pop22","CD3+CD4+CD45RA+CD172(negative all other markers)","Minipig_6059_30DPI","vaccinated",2.1417025862069
"Pop22","CD3+CD4+CD45RA+CD172(negative all other markers)","Minipig_7488_30DPI","control",0.4019862851738
"Pop22","CD3+CD4+CD45RA+CD172(negative all other markers)","Minipig_7554_30DPI","control",3.62702366127024
"Pop22","CD3+CD4+CD45RA+CD172(negative all other markers)","Minipig_9739_30DPI","control",1.23914528246658
"Pop22","CD3+CD4+CD45RA+CD172(negative all other markers)","Minipig_9947_30DPI","vaccinated",0.67786762213722
"Pop22","CD3+CD4+CD45RA+CD172(negative all other markers)","Minipig_1817_12wks","vaccinated",0.00909283787470069
"Pop22","CD3+CD4+CD45RA+CD172(negative all other markers)","Minipig_3273_12wks","control",0.0673293991841261
"Pop22","CD3+CD4+CD45RA+CD172(negative all other markers)","Minipig_4515_12wks","vaccinated",0.0134042267995174
"Pop22","CD3+CD4+CD45RA+CD172(negative all other markers)","Minipig_4754_12wks","control",0.0300210147102972
"Pop22","CD3+CD4+CD45RA+CD172(negative all other markers)","Minipig_5273_12wks","vaccinated",0.0123735577071798
"Pop22","CD3+CD4+CD45RA+CD172(negative all other markers)","Minipig_6059_12wks","vaccinated",0.0143348623853211
"Pop22","CD3+CD4+CD45RA+CD172(negative all other markers)","Minipig_7488_12wks","control",0.0241487563390485
"Pop22","CD3+CD4+CD45RA+CD172(negative all other markers)","Minipig_7554_12wks","control",0.0160579922921637
"Pop22","CD3+CD4+CD45RA+CD172(negative all other markers)","Minipig_9739_12wks","control",0.0154499806875241
"Pop22","CD3+CD4+CD45RA+CD172(negative all other markers)","Minipig_9947_12wks","vaccinated",0.0334352311807413
"Pop23","CD3+CD4+CD172(negative all other markers)","Minipig_1817_30DPI","vaccinated",2.5826686285139
"Pop23","CD3+CD4+CD172(negative all other markers)","Minipig_3273_30DPI","control",1.30189727712948
"Pop23","CD3+CD4+CD172(negative all other markers)","Minipig_4515_30DPI","vaccinated",0.51418777375738
"Pop23","CD3+CD4+CD172(negative all other markers)","Minipig_4754_30DPI","control",0.344849206846824
"Pop23","CD3+CD4+CD172(negative all other markers)","Minipig_5273_30DPI","vaccinated",0.16482510225261
"Pop23","CD3+CD4+CD172(negative all other markers)","Minipig_6059_30DPI","vaccinated",1.85883620689655
"Pop23","CD3+CD4+CD172(negative all other markers)","Minipig_7488_30DPI","control",1.33995428391267
"Pop23","CD3+CD4+CD172(negative all other markers)","Minipig_7554_30DPI","control",0.684931506849315
"Pop23","CD3+CD4+CD172(negative all other markers)","Minipig_9739_30DPI","control",0.60493706703093
"Pop23","CD3+CD4+CD172(negative all other markers)","Minipig_9947_30DPI","vaccinated",2.30474991526655
"Pop23","CD3+CD4+CD172(negative all other markers)","Minipig_1817_12wks","vaccinated",0
"Pop23","CD3+CD4+CD172(negative all other markers)","Minipig_3273_12wks","control",0.00792110578636778
"Pop23","CD3+CD4+CD172(negative all other markers)","Minipig_4515_12wks","vaccinated",0.00446807559983915
"Pop23","CD3+CD4+CD172(negative all other markers)","Minipig_4754_12wks","control",0.0230930882386902
"Pop23","CD3+CD4+CD172(negative all other markers)","Minipig_5273_12wks","vaccinated",0.00618677885358988
"Pop23","CD3+CD4+CD172(negative all other markers)","Minipig_6059_12wks","vaccinated",0.00358371559633028
"Pop23","CD3+CD4+CD172(negative all other markers)","Minipig_7488_12wks","control",0
"Pop23","CD3+CD4+CD172(negative all other markers)","Minipig_7554_12wks","control",0.0137639933932832
"Pop23","CD3+CD4+CD172(negative all other markers)","Minipig_9739_12wks","control",0
"Pop23","CD3+CD4+CD172(negative all other markers)","Minipig_9947_12wks","vaccinated",0.0214940771876194
"Pop24","CD3+CD4+CD8+CD45RA+(negative all other markers)","Minipig_1817_30DPI","vaccinated",0.635018973127856
"Pop24","CD3+CD4+CD8+CD45RA+(negative all other markers)","Minipig_3273_30DPI","control",0.204810669206954
"Pop24","CD3+CD4+CD8+CD45RA+(negative all other markers)","Minipig_4515_30DPI","vaccinated",0.590363740239954
"Pop24","CD3+CD4+CD8+CD45RA+(negative all other markers)","Minipig_4754_30DPI","control",0.115994733212114
"Pop24","CD3+CD4+CD8+CD45RA+(negative all other markers)","Minipig_5273_30DPI","vaccinated",0.445638239423723
"Pop24","CD3+CD4+CD8+CD45RA+(negative all other markers)","Minipig_6059_30DPI","vaccinated",0.484913793103448
"Pop24","CD3+CD4+CD8+CD45RA+(negative all other markers)","Minipig_7488_30DPI","control",0.398045243162292
"Pop24","CD3+CD4+CD8+CD45RA+(negative all other markers)","Minipig_7554_30DPI","control",0.933997509339975
"Pop24","CD3+CD4+CD8+CD45RA+(negative all other markers)","Minipig_9739_30DPI","control",0.448824275539077
"Pop24","CD3+CD4+CD8+CD45RA+(negative all other markers)","Minipig_9947_30DPI","vaccinated",0.067786762213722
"Pop24","CD3+CD4+CD8+CD45RA+(negative all other markers)","Minipig_1817_12wks","vaccinated",1.72763919619313
"Pop24","CD3+CD4+CD8+CD45RA+(negative all other markers)","Minipig_3273_12wks","control",1.69115608538952
"Pop24","CD3+CD4+CD8+CD45RA+(negative all other markers)","Minipig_4515_12wks","vaccinated",2.33680353871588
"Pop24","CD3+CD4+CD8+CD45RA+(negative all other markers)","Minipig_4754_12wks","control",2.06683139736277
"Pop24","CD3+CD4+CD8+CD45RA+(negative all other markers)","Minipig_5273_12wks","vaccinated",1.7725121415535
"Pop24","CD3+CD4+CD8+CD45RA+(negative all other markers)","Minipig_6059_12wks","vaccinated",2.66628440366972
"Pop24","CD3+CD4+CD8+CD45RA+(negative all other markers)","Minipig_7488_12wks","control",2.36657812122676
"Pop24","CD3+CD4+CD8+CD45RA+(negative all other markers)","Minipig_7554_12wks","control",3.41347036153423
"Pop24","CD3+CD4+CD8+CD45RA+(negative all other markers)","Minipig_9739_12wks","control",2.19389725762843
"Pop24","CD3+CD4+CD8+CD45RA+(negative all other markers)","Minipig_9947_12wks","vaccinated",0.339128773404662
"Pop25","CD3+CD4+CD8+CD45RA+SLADQ+CD172(negative all other markers)","Minipig_1817_30DPI","vaccinated",1.10353906915512
"Pop25","CD3+CD4+CD8+CD45RA+SLADQ+CD172(negative all other markers)","Minipig_3273_30DPI","control",1.34793998571088
"Pop25","CD3+CD4+CD8+CD45RA+SLADQ+CD172(negative all other markers)","Minipig_4515_30DPI","vaccinated",5.12283374595315
"Pop25","CD3+CD4+CD8+CD45RA+SLADQ+CD172(negative all other markers)","Minipig_4754_30DPI","control",1.90294062323657
"Pop25","CD3+CD4+CD8+CD45RA+SLADQ+CD172(negative all other markers)","Minipig_5273_30DPI","vaccinated",1.37354251877175
"Pop25","CD3+CD4+CD8+CD45RA+SLADQ+CD172(negative all other markers)","Minipig_6059_30DPI","vaccinated",8.59375
"Pop25","CD3+CD4+CD8+CD45RA+SLADQ+CD172(negative all other markers)","Minipig_7488_30DPI","control",1.36360053598171
"Pop25","CD3+CD4+CD8+CD45RA+SLADQ+CD172(negative all other markers)","Minipig_7554_30DPI","control",3.30012453300125
"Pop25","CD3+CD4+CD8+CD45RA+SLADQ+CD172(negative all other markers)","Minipig_9739_30DPI","control",1.84408234949751
"Pop25","CD3+CD4+CD8+CD45RA+SLADQ+CD172(negative all other markers)","Minipig_9947_30DPI","vaccinated",0.847334527671525
"Pop25","CD3+CD4+CD8+CD45RA+SLADQ+CD172(negative all other markers)","Minipig_1817_12wks","vaccinated",0.0424332434152699
"Pop25","CD3+CD4+CD8+CD45RA+SLADQ+CD172(negative all other markers)","Minipig_3273_12wks","control",0.0198027644659194
"Pop25","CD3+CD4+CD8+CD45RA+SLADQ+CD172(negative all other markers)","Minipig_4515_12wks","vaccinated",0.0089361511996783
"Pop25","CD3+CD4+CD8+CD45RA+SLADQ+CD172(negative all other markers)","Minipig_4754_12wks","control",0.0300210147102972
"Pop25","CD3+CD4+CD8+CD45RA+SLADQ+CD172(negative all other markers)","Minipig_5273_12wks","vaccinated",0.0247471154143595
"Pop25","CD3+CD4+CD8+CD45RA+SLADQ+CD172(negative all other markers)","Minipig_6059_12wks","vaccinated",0.039420871559633
"Pop25","CD3+CD4+CD8+CD45RA+SLADQ+CD172(negative all other markers)","Minipig_7488_12wks","control",0.00804958544634951
"Pop25","CD3+CD4+CD8+CD45RA+SLADQ+CD172(negative all other markers)","Minipig_7554_12wks","control",0.0963479537529822
"Pop25","CD3+CD4+CD8+CD45RA+SLADQ+CD172(negative all other markers)","Minipig_9739_12wks","control",0.0115874855156431
"Pop25","CD3+CD4+CD8+CD45RA+SLADQ+CD172(negative all other markers)","Minipig_9947_12wks","vaccinated",0.0262705387848682
"Pop3","CD3+CD45RA+SLADQ+(negative all other markers)","Minipig_1817_30DPI","vaccinated",6.89615116549214
"Pop3","CD3+CD45RA+SLADQ+(negative all other markers)","Minipig_3273_30DPI","control",5.83472255298881
"Pop3","CD3+CD45RA+SLADQ+(negative all other markers)","Minipig_4515_30DPI","vaccinated",15.8255570367549
"Pop3","CD3+CD45RA+SLADQ+(negative all other markers)","Minipig_4754_30DPI","control",6.65558969214371
"Pop3","CD3+CD45RA+SLADQ+(negative all other markers)","Minipig_5273_30DPI","vaccinated",15.8415237165008
"Pop3","CD3+CD45RA+SLADQ+(negative all other markers)","Minipig_6059_30DPI","vaccinated",11.1395474137931
"Pop3","CD3+CD45RA+SLADQ+(negative all other markers)","Minipig_7488_30DPI","control",6.35295972255064
"Pop3","CD3+CD45RA+SLADQ+(negative all other markers)","Minipig_7554_30DPI","control",7.45641344956413
"Pop3","CD3+CD45RA+SLADQ+(negative all other markers)","Minipig_9739_30DPI","control",10.9571665528344
"Pop3","CD3+CD45RA+SLADQ+(negative all other markers)","Minipig_9947_30DPI","vaccinated",8.45397763036847
"Pop3","CD3+CD45RA+SLADQ+(negative all other markers)","Minipig_1817_12wks","vaccinated",1.08507865304762
"Pop3","CD3+CD45RA+SLADQ+(negative all other markers)","Minipig_3273_12wks","control",0.467345241395699
"Pop3","CD3+CD45RA+SLADQ+(negative all other markers)","Minipig_4515_12wks","vaccinated",1.67552834993968
"Pop3","CD3+CD45RA+SLADQ+(negative all other markers)","Minipig_4754_12wks","control",0.801330161882549
"Pop3","CD3+CD45RA+SLADQ+(negative all other markers)","Minipig_5273_12wks","vaccinated",2.1406254833421
"Pop3","CD3+CD45RA+SLADQ+(negative all other markers)","Minipig_6059_12wks","vaccinated",1.80619266055046
"Pop3","CD3+CD45RA+SLADQ+(negative all other markers)","Minipig_7488_12wks","control",0.289785076068582
"Pop3","CD3+CD45RA+SLADQ+(negative all other markers)","Minipig_7554_12wks","control",1.73426316755368
"Pop3","CD3+CD45RA+SLADQ+(negative all other markers)","Minipig_9739_12wks","control",2.7694090382387
"Pop3","CD3+CD45RA+SLADQ+(negative all other markers)","Minipig_9947_12wks","vaccinated",3.13097057699656
"Pop4","CD3+CD45RA+(negative all other markers)","Minipig_1817_30DPI","vaccinated",6.33857353055061
"Pop4","CD3+CD45RA+(negative all other markers)","Minipig_3273_30DPI","control",6.51901246328491
"Pop4","CD3+CD45RA+(negative all other markers)","Minipig_4515_30DPI","vaccinated",11.2740430394211
"Pop4","CD3+CD45RA+(negative all other markers)","Minipig_4754_30DPI","control",24.9984325036052
"Pop4","CD3+CD45RA+(negative all other markers)","Minipig_5273_30DPI","vaccinated",17.3798913375252
"Pop4","CD3+CD45RA+(negative all other markers)","Minipig_6059_30DPI","vaccinated",6.47898706896552
"Pop4","CD3+CD45RA+(negative all other markers)","Minipig_7488_30DPI","control",13.060613226137
"Pop4","CD3+CD45RA+(negative all other markers)","Minipig_7554_30DPI","control",7.84557907845579
"Pop4","CD3+CD45RA+(negative all other markers)","Minipig_9739_30DPI","control",16.3430578593033
"Pop4","CD3+CD45RA+(negative all other markers)","Minipig_9947_30DPI","vaccinated",3.67985280588776
"Pop4","CD3+CD45RA+(negative all other markers)","Minipig_1817_12wks","vaccinated",0.788045949140727
"Pop4","CD3+CD45RA+(negative all other markers)","Minipig_3273_12wks","control",1.26341637292566
"Pop4","CD3+CD45RA+(negative all other markers)","Minipig_4515_12wks","vaccinated",4.10616147625218
"Pop4","CD3+CD45RA+(negative all other markers)","Minipig_4754_12wks","control",8.33891416299102
"Pop4","CD3+CD45RA+(negative all other markers)","Minipig_5273_12wks","vaccinated",4.58130974108331
"Pop4","CD3+CD45RA+(negative all other markers)","Minipig_6059_12wks","vaccinated",5.58342889908257
"Pop4","CD3+CD45RA+(negative all other markers)","Minipig_7488_12wks","control",1.7065121146261
"Pop4","CD3+CD45RA+(negative all other markers)","Minipig_7554_12wks","control",7.19168654799046
"Pop4","CD3+CD45RA+(negative all other markers)","Minipig_9739_12wks","control",5.11780610274237
"Pop4","CD3+CD45RA+(negative all other markers)","Minipig_9947_12wks","vaccinated",0.391669850974398
"Pop5","CD3+CD172(negative all other markers)","Minipig_1817_30DPI","vaccinated",3.54294122202432
"Pop5","CD3+CD172(negative all other markers)","Minipig_3273_30DPI","control",0.441374930539017
"Pop5","CD3+CD172(negative all other markers)","Minipig_4515_30DPI","vaccinated",0.742715673205104
"Pop5","CD3+CD172(negative all other markers)","Minipig_4754_30DPI","control",0.846448053169478
"Pop5","CD3+CD172(negative all other markers)","Minipig_5273_30DPI","vaccinated",0.738660643428362
"Pop5","CD3+CD172(negative all other markers)","Minipig_6059_30DPI","vaccinated",0.660021551724138
"Pop5","CD3+CD172(negative all other markers)","Minipig_7488_30DPI","control",0.429573579254355
"Pop5","CD3+CD172(negative all other markers)","Minipig_7554_30DPI","control",2.3505603985056
"Pop5","CD3+CD172(negative all other markers)","Minipig_9739_30DPI","control",1.20987413406186
"Pop5","CD3+CD172(negative all other markers)","Minipig_9947_30DPI","vaccinated",3.37965428751271
"Pop5","CD3+CD172(negative all other markers)","Minipig_1817_12wks","vaccinated",0.184887703452247
"Pop5","CD3+CD172(negative all other markers)","Minipig_3273_12wks","control",0.233672620697849
"Pop5","CD3+CD172(negative all other markers)","Minipig_4515_12wks","vaccinated",0.26361646039051
"Pop5","CD3+CD172(negative all other markers)","Minipig_4754_12wks","control",0.39951042652934
"Pop5","CD3+CD172(negative all other markers)","Minipig_5273_12wks","vaccinated",0.259844711850775
"Pop5","CD3+CD172(negative all other markers)","Minipig_6059_12wks","vaccinated",0.247276376146789
"Pop5","CD3+CD172(negative all other markers)","Minipig_7488_12wks","control",0.0241487563390485
"Pop5","CD3+CD172(negative all other markers)","Minipig_7554_12wks","control",0.263809873371261
"Pop5","CD3+CD172(negative all other markers)","Minipig_9739_12wks","control",0.26264967168791
"Pop5","CD3+CD172(negative all other markers)","Minipig_9947_12wks","vaccinated",0.382116927779901
"Pop6","CD3+SLADQ+CD172(negative all other markers)","Minipig_1817_30DPI","vaccinated",1.31263068225819
"Pop6","CD3+SLADQ+CD172(negative all other markers)","Minipig_3273_30DPI","control",0.385806144320076
"Pop6","CD3+SLADQ+CD172(negative all other markers)","Minipig_4515_30DPI","vaccinated",9.10302799466768
"Pop6","CD3+SLADQ+CD172(negative all other markers)","Minipig_4754_30DPI","control",4.93761364348862
"Pop6","CD3+SLADQ+CD172(negative all other markers)","Minipig_5273_30DPI","vaccinated",2.89970087296258
"Pop6","CD3+SLADQ+CD172(negative all other markers)","Minipig_6059_30DPI","vaccinated",4.6875
"Pop6","CD3+SLADQ+CD172(negative all other markers)","Minipig_7488_30DPI","control",0.193111058563884
"Pop6","CD3+SLADQ+CD172(negative all other markers)","Minipig_7554_30DPI","control",4.15628891656289
"Pop6","CD3+SLADQ+CD172(negative all other markers)","Minipig_9739_30DPI","control",6.03961362084106
"Pop6","CD3+SLADQ+CD172(negative all other markers)","Minipig_9947_30DPI","vaccinated",2.94872415629691
"Pop6","CD3+SLADQ+CD172(negative all other markers)","Minipig_1817_12wks","vaccinated",0.548601218440275
"Pop6","CD3+SLADQ+CD172(negative all other markers)","Minipig_3273_12wks","control",0.514871876113906
"Pop6","CD3+SLADQ+CD172(negative all other markers)","Minipig_4515_12wks","vaccinated",0.460211786783432
"Pop6","CD3+SLADQ+CD172(negative all other markers)","Minipig_4754_12wks","control",0.875228044246357
"Pop6","CD3+SLADQ+CD172(negative all other markers)","Minipig_5273_12wks","vaccinated",0.646518390200142
"Pop6","CD3+SLADQ+CD172(negative all other markers)","Minipig_6059_12wks","vaccinated",0.451548165137615
"Pop6","CD3+SLADQ+CD172(negative all other markers)","Minipig_7488_12wks","control",0.104644610802544
"Pop6","CD3+SLADQ+CD172(negative all other markers)","Minipig_7554_12wks","control",0.777665626720499
"Pop6","CD3+SLADQ+CD172(negative all other markers)","Minipig_9739_12wks","control",0.575511780610274
"Pop6","CD3+SLADQ+CD172(negative all other markers)","Minipig_9947_12wks","vaccinated",0.274646541841804
"Pop7","CD3+CD45RA+CD172(negative all other markers)","Minipig_1817_30DPI","vaccinated",2.13738093394254
"Pop7","CD3+CD45RA+CD172(negative all other markers)","Minipig_3273_30DPI","control",0.185758513931889
"Pop7","CD3+CD45RA+CD172(negative all other markers)","Minipig_4515_30DPI","vaccinated",0.399923824033517
"Pop7","CD3+CD45RA+CD172(negative all other markers)","Minipig_4754_30DPI","control",0.827638096432378
"Pop7","CD3+CD45RA+CD172(negative all other markers)","Minipig_5273_30DPI","vaccinated",0.824125511263049
"Pop7","CD3+CD45RA+CD172(negative all other markers)","Minipig_6059_30DPI","vaccinated",0.889008620689655
"Pop7","CD3+CD45RA+CD172(negative all other markers)","Minipig_7488_30DPI","control",0.169464806494837
"Pop7","CD3+CD45RA+CD172(negative all other markers)","Minipig_7554_30DPI","control",3.6425902864259
"Pop7","CD3+CD45RA+CD172(negative all other markers)","Minipig_9739_30DPI","control",1.47331446970436
"Pop7","CD3+CD45RA+CD172(negative all other markers)","Minipig_9947_30DPI","vaccinated",0.895753643538469
"Pop7","CD3+CD45RA+CD172(negative all other markers)","Minipig_1817_12wks","vaccinated",0.00909283787470069
"Pop7","CD3+CD45RA+CD172(negative all other markers)","Minipig_3273_12wks","control",0.0118816586795517
"Pop7","CD3+CD45RA+CD172(negative all other markers)","Minipig_4515_12wks","vaccinated",0
"Pop7","CD3+CD45RA+CD172(negative all other markers)","Minipig_4754_12wks","control",0.00230930882386902
"Pop7","CD3+CD45RA+CD172(negative all other markers)","Minipig_5273_12wks","vaccinated",0.00928016828038482
"Pop7","CD3+CD45RA+CD172(negative all other markers)","Minipig_6059_12wks","vaccinated",0.0107511467889908
"Pop7","CD3+CD45RA+CD172(negative all other markers)","Minipig_7488_12wks","control",0.016099170892699
"Pop7","CD3+CD45RA+CD172(negative all other markers)","Minipig_7554_12wks","control",0.0114699944944026
"Pop7","CD3+CD45RA+CD172(negative all other markers)","Minipig_9739_12wks","control",0
"Pop7","CD3+CD45RA+CD172(negative all other markers)","Minipig_9947_12wks","vaccinated",0.00238823079862438
"Pop8","CD3+CD45RA+SLADQ+CD172(negative all other markers)","Minipig_1817_30DPI","vaccinated",1.15000387206691
"Pop8","CD3+CD45RA+SLADQ+CD172(negative all other markers)","Minipig_3273_30DPI","control",1.70834325633087
"Pop8","CD3+CD45RA+SLADQ+CD172(negative all other markers)","Minipig_4515_30DPI","vaccinated",1.656827270996
"Pop8","CD3+CD45RA+SLADQ+CD172(negative all other markers)","Minipig_4754_30DPI","control",2.76192864756411
"Pop8","CD3+CD45RA+SLADQ+CD172(negative all other markers)","Minipig_5273_30DPI","vaccinated",1.96569196019779
"Pop8","CD3+CD45RA+SLADQ+CD172(negative all other markers)","Minipig_6059_30DPI","vaccinated",2.07435344827586
"Pop8","CD3+CD45RA+SLADQ+CD172(negative all other markers)","Minipig_7488_30DPI","control",1.67100181287933
"Pop8","CD3+CD45RA+SLADQ+CD172(negative all other markers)","Minipig_7554_30DPI","control",5.44831880448319
"Pop8","CD3+CD45RA+SLADQ+CD172(negative all other markers)","Minipig_9739_30DPI","control",3.63937945165382
"Pop8","CD3+CD45RA+SLADQ+CD172(negative all other markers)","Minipig_9947_30DPI","vaccinated",1.85445213770397
"Pop8","CD3+CD45RA+SLADQ+CD172(negative all other markers)","Minipig_1817_12wks","vaccinated",0.0242475676658685
"Pop8","CD3+CD45RA+SLADQ+CD172(negative all other markers)","Minipig_3273_12wks","control",0.035644976038655
"Pop8","CD3+CD45RA+SLADQ+CD172(negative all other markers)","Minipig_4515_12wks","vaccinated",0.0089361511996783
"Pop8","CD3+CD45RA+SLADQ+CD172(negative all other markers)","Minipig_4754_12wks","control",0.0508047941251184
"Pop8","CD3+CD45RA+SLADQ+CD172(negative all other markers)","Minipig_5273_12wks","vaccinated",0.0185603365607696
"Pop8","CD3+CD45RA+SLADQ+CD172(negative all other markers)","Minipig_6059_12wks","vaccinated",0.0286697247706422
"Pop8","CD3+CD45RA+SLADQ+CD172(negative all other markers)","Minipig_7488_12wks","control",0.00804958544634951
"Pop8","CD3+CD45RA+SLADQ+CD172(negative all other markers)","Minipig_7554_12wks","control",0.135345935033951
"Pop8","CD3+CD45RA+SLADQ+CD172(negative all other markers)","Minipig_9739_12wks","control",0.0231749710312862
"Pop8","CD3+CD45RA+SLADQ+CD172(negative all other markers)","Minipig_9947_12wks","vaccinated",0.00955292319449752
"Pop9","CD3+CD8+CD45RA+(negative all other markers)","Minipig_1817_30DPI","vaccinated",7.02392937349957
"Pop9","CD3+CD8+CD45RA+(negative all other markers)","Minipig_3273_30DPI","control",4.68047947924109
"Pop9","CD3+CD8+CD45RA+(negative all other markers)","Minipig_4515_30DPI","vaccinated",1.9615311369263
"Pop9","CD3+CD8+CD45RA+(negative all other markers)","Minipig_4754_30DPI","control",2.19762994545113
"Pop9","CD3+CD8+CD45RA+(negative all other markers)","Minipig_5273_30DPI","vaccinated",1.92295952628045
"Pop9","CD3+CD8+CD45RA+(negative all other markers)","Minipig_6059_30DPI","vaccinated",1.33351293103448
"Pop9","CD3+CD8+CD45RA+(negative all other markers)","Minipig_7488_30DPI","control",4.48490580909592
"Pop9","CD3+CD8+CD45RA+(negative all other markers)","Minipig_7554_30DPI","control",2.3972602739726
"Pop9","CD3+CD8+CD45RA+(negative all other markers)","Minipig_9739_30DPI","control",1.46355742023612
"Pop9","CD3+CD8+CD45RA+(negative all other markers)","Minipig_9947_30DPI","vaccinated",3.37965428751271
"Pop9","CD3+CD8+CD45RA+(negative all other markers)","Minipig_1817_12wks","vaccinated",3.87961082653896
"Pop9","CD3+CD8+CD45RA+(negative all other markers)","Minipig_3273_12wks","control",4.57839914452058
"Pop9","CD3+CD8+CD45RA+(negative all other markers)","Minipig_4515_12wks","vaccinated",1.92127250793083
"Pop9","CD3+CD8+CD45RA+(negative all other markers)","Minipig_4754_12wks","control",0.835969794240584
"Pop9","CD3+CD8+CD45RA+(negative all other markers)","Minipig_5273_12wks","vaccinated",1.62712283849414
"Pop9","CD3+CD8+CD45RA+(negative all other markers)","Minipig_6059_12wks","vaccinated",1.61267201834862
"Pop9","CD3+CD8+CD45RA+(negative all other markers)","Minipig_7488_12wks","control",4.0972389921919
"Pop9","CD3+CD8+CD45RA+(negative all other markers)","Minipig_7554_12wks","control",1.42227931730593
"Pop9","CD3+CD8+CD45RA+(negative all other markers)","Minipig_9739_12wks","control",1.51023561220548
"Pop9","CD3+CD8+CD45RA+(negative all other markers)","Minipig_9947_12wks","vaccinated",1.14873901413833
